state,yr_txt,yr,usb,0-4,5-14,15-24,25-34,35-44,45-54,55-64,65-74,75-84,85p,
Alabama,94-98,1,1,50,49,80,168,352,299,235,266,334,136,
Alabama,99-03,2,1,46,20,46,92,221,216,162,163,162,108,
Alabama,04-08,3,1,25,15,36,76,86,145,145,92,100,45,
Alabama,09-13,4,1,28,6,21,52,41,111,105,75,62,39,
Alabama,14-18,5,1,24,9,21,48,55,63,100,56,50,20,
Alaska,94-98,1,1,22,27,36,68,72,43,30,14,13,6,
Alaska,99-03,2,1,24,16,21,25,54,35,26,27,11,8,
Alaska,04-08,3,1,15,10,18,16,40,55,28,17,11,0,
Alaska,09-13,4,1,11,14,34,20,33,54,37,17,12,0,
Alaska,14-18,5,1,14,28,24,38,20,52,39,21,5,0,
Arizona,94-98,1,1,43,33,33,70,144,150,110,116,105,64,
Arizona,99-03,2,1,61,23,34,46,91,116,93,90,79,30,
Arizona,04-08,3,1,86,26,29,33,78,82,75,48,59,26,
Arizona,09-13,4,1,31,13,41,41,41,63,55,34,34,18,
Arizona,14-18,5,1,23,15,26,29,21,29,41,38,21,23,
Arkansas,94-98,1,1,45,30,28,83,137,123,87,149,221,139,
Arkansas,99-03,2,1,27,21,29,45,92,102,83,79,120,76,
Arkansas,04-08,3,1,15,9,16,23,43,63,65,54,60,26,
Arkansas,09-13,4,1,0,6,12,25,36,36,48,40,39,24,
Arkansas,14-18,5,1,22,18,16,27,20,36,57,27,38,20,
California,94-98,1,1,863,346,399,920,1391,1090,751,701,516,191,
California,99-03,2,1,502,258,347,390,721,776,516,403,340,104,
California,04-08,3,1,395,200,370,305,433,559,379,268,258,109,
California,09-13,4,1,291,152,358,329,260,340,358,168,177,87,
California,14-18,5,1,176,127,368,321,166,218,249,166,112,70,
Colorado,94-98,1,1,7,0,6,26,43,40,23,41,44,24,
Colorado,99-03,2,1,30,7,5,8,28,30,28,31,20,10,
Colorado,04-08,3,1,22,7,12,9,21,26,20,24,31,15,
Colorado,09-13,4,1,13,0,10,6,11,14,15,11,9,0,
Colorado,14-18,5,1,6,0,0,6,7,8,15,8,11,6,
Connecticut,94-98,1,1,0,7,16,42,85,70,39,52,40,16,
Connecticut,99-03,2,1,5,6,11,21,35,33,26,22,30,22,
Connecticut,04-08,3,1,0,0,9,10,21,35,23,15,15,19,
Connecticut,09-13,4,1,5,0,7,6,8,18,11,9,10,7,
Connecticut,14-18,5,1,0,0,7,6,0,7,11,10,7,0,
Delaware,94-98,1,1,11,11,0,17,17,23,15,19,20,7,
Delaware,99-03,2,1,0,0,0,5,10,10,7,17,12,0,
Delaware,04-08,3,1,0,0,0,6,0,7,7,0,10,9,
Delaware,09-13,4,1,0,0,0,0,8,0,0,0,7,0,
Delaware,14-18,5,1,0,0,0,0,5,10,0,5,5,0,
District of Columbia,94-98,1,1,8,0,9,70,105,100,58,39,29,17,
District of Columbia,99-03,2,1,6,0,8,27,50,73,45,25,21,6,
District of Columbia,04-08,3,1,9,0,5,16,24,51,33,13,15,0,
District of Columbia,09-13,4,1,0,0,7,10,9,19,20,8,11,0,
District of Columbia,14-18,5,1,0,0,0,7,6,8,8,10,5,8,
Florida,94-98,1,1,160,63,190,727,1357,1025,681,543,422,147,
Florida,99-03,2,1,115,62,132,326,854,844,450,295,228,92,
Florida,04-08,3,1,158,51,147,241,498,738,422,253,182,68,
Florida,09-13,4,1,96,47,123,159,268,456,350,157,121,57,
Florida,14-18,5,1,50,32,84,131,137,236,265,140,86,44,
Georgia,94-98,1,1,183,72,159,445,729,534,362,285,206,106,
Georgia,99-03,2,1,143,46,119,264,485,512,257,188,150,55,
Georgia,04-08,3,1,123,39,127,145,273,324,221,127,102,41,
Georgia,09-13,4,1,68,31,75,114,128,254,174,91,61,26,
Georgia,14-18,5,1,50,33,50,92,102,147,161,79,42,23,
Hawaii,94-98,1,1,10,0,11,10,18,32,31,55,42,15,
Hawaii,99-03,2,1,0,0,6,10,10,16,14,26,29,13,
Hawaii,04-08,3,1,0,0,5,0,8,11,16,18,21,8,
Hawaii,09-13,4,1,5,0,8,5,0,10,12,12,18,8,
Hawaii,14-18,5,1,8,5,15,7,0,6,8,8,11,9,
Idaho,94-98,1,1,0,0,0,0,13,5,7,0,0,0,
Idaho,99-03,2,1,0,0,0,0,5,6,0,0,0,5,
Idaho,04-08,3,1,0,0,0,0,0,6,5,7,0,5,
Idaho,09-13,4,1,0,0,0,0,0,11,0,0,6,0,
Idaho,14-18,5,1,0,0,0,0,0,0,0,0,0,0,
Illinois,94-98,1,1,191,113,232,524,878,640,403,378,268,137,
Illinois,99-03,2,1,106,68,151,231,450,412,255,208,187,91,
Illinois,04-08,3,1,68,42,88,130,207,277,164,126,112,43,
Illinois,09-13,4,1,33,17,63,69,71,137,111,58,66,38,
Illinois,14-18,5,1,35,10,41,50,48,66,95,47,41,26,
Indiana,94-98,1,1,30,21,29,65,97,120,127,134,126,68,
Indiana,99-03,2,1,27,6,20,34,75,71,69,63,67,43,
Indiana,04-08,3,1,18,11,26,32,45,85,50,43,48,26,
Indiana,09-13,4,1,7,11,8,21,34,58,60,31,30,12,
Indiana,14-18,5,1,10,0,15,21,22,32,43,24,21,14,
Iowa,94-98,1,1,0,0,8,10,32,27,30,28,34,12,
Iowa,99-03,2,1,0,0,0,0,7,11,11,17,18,0,
Iowa,04-08,3,1,0,0,9,5,11,22,11,7,10,5,
Iowa,09-13,4,1,0,0,5,7,7,13,10,6,0,0,
Iowa,14-18,5,1,0,0,0,0,0,13,10,0,0,0,
Kansas,94-98,1,1,14,5,10,25,29,23,16,26,36,24,
Kansas,99-03,2,1,15,7,7,18,39,27,23,17,18,5,
Kansas,04-08,3,1,9,6,7,7,25,30,13,10,15,5,
Kansas,09-13,4,1,8,0,0,7,12,10,19,9,5,5,
Kansas,14-18,5,1,0,0,0,0,7,8,8,5,6,0,
Kentucky,94-98,1,1,41,27,41,79,140,150,173,175,227,151,
Kentucky,99-03,2,1,16,8,20,43,104,97,97,92,102,76,
Kentucky,04-08,3,1,0,7,20,28,46,80,57,54,62,29,
Kentucky,09-13,4,1,0,0,6,16,25,47,49,32,27,21,
Kentucky,14-18,5,1,5,0,8,11,14,31,38,29,24,11,
Louisiana,94-98,1,1,65,49,99,240,440,345,268,214,157,80,
Louisiana,99-03,2,1,43,32,64,145,264,293,183,151,102,35,
Louisiana,04-08,3,1,32,24,83,115,161,275,156,85,59,8,
Louisiana,09-13,4,1,31,6,55,74,105,163,124,63,35,17,
Louisiana,14-18,5,1,9,10,25,45,54,77,107,51,20,10,
Maine,94-98,1,1,0,0,0,9,7,6,10,18,22,6,
Maine,99-03,2,1,0,0,0,0,9,15,6,13,10,7,
Maine,04-08,3,1,0,0,0,0,0,8,5,6,0,0,
Maine,09-13,4,1,0,0,0,0,0,0,5,0,6,7,
Maine,14-18,5,1,0,0,0,0,0,0,0,0,0,0,
Maryland,94-98,1,1,47,26,47,99,180,141,113,159,146,58,
Maryland,99-03,2,1,35,12,32,50,104,112,72,76,99,33,
Maryland,04-08,3,1,28,9,34,34,56,107,71,49,74,20,
Maryland,09-13,4,1,25,16,26,24,30,50,45,26,26,17,
Maryland,14-18,5,1,17,0,17,23,16,37,25,25,17,14,
Massachusetts,94-98,1,1,34,10,23,49,99,77,70,77,82,35,
Massachusetts,99-03,2,1,21,13,16,38,44,64,51,45,41,13,
Massachusetts,04-08,3,1,17,9,20,28,41,56,46,20,36,16,
Massachusetts,09-13,4,1,16,0,24,22,26,25,28,18,23,11,
Massachusetts,14-18,5,1,11,12,9,17,16,16,20,17,13,0,
Michigan,94-98,1,1,64,42,91,185,353,278,198,223,228,81,
Michigan,99-03,2,1,49,26,63,91,154,198,126,115,121,47,
Michigan,04-08,3,1,34,17,47,74,81,157,99,65,74,41,
Michigan,09-13,4,1,16,0,37,25,42,76,76,43,30,31,
Michigan,14-18,5,1,10,5,19,13,25,30,49,44,22,18,
Minnesota,94-98,1,1,18,12,12,28,58,39,31,32,36,28,
Minnesota,99-03,2,1,34,10,14,18,30,43,21,20,15,16,
Minnesota,04-08,3,1,36,18,16,14,25,32,18,18,16,0,
Minnesota,09-13,4,1,14,18,16,14,12,9,17,15,9,6,
Minnesota,14-18,5,1,25,25,12,11,8,15,17,10,6,6,
Mississippi,94-98,1,1,50,31,52,119,207,175,155,173,161,94,
Mississippi,99-03,2,1,27,24,29,60,112,140,85,90,121,47,
Mississippi,04-08,3,1,14,19,27,43,84,127,73,44,63,27,
Mississippi,09-13,4,1,9,7,12,31,60,93,90,46,34,21,
Mississippi,14-18,5,1,0,6,15,29,29,50,58,34,39,19,
Missouri,94-98,1,1,26,12,24,97,155,148,101,142,171,91,
Missouri,99-03,2,1,17,24,17,51,108,108,71,88,100,41,
Missouri,04-08,3,1,15,0,19,30,41,66,45,37,51,30,
Missouri,09-13,4,1,12,0,9,23,20,44,47,23,27,19,
Missouri,14-18,5,1,9,0,11,17,26,24,32,31,23,11,
Montana,94-98,1,1,0,0,0,8,8,13,19,17,15,5,
Montana,99-03,2,1,0,0,0,8,8,19,13,6,9,0,
Montana,04-08,3,1,0,0,0,0,5,9,9,5,9,0,
Montana,09-13,4,1,0,0,0,0,0,0,9,0,0,0,
Montana,14-18,5,1,0,0,0,0,0,0,6,7,0,0,
Nebraska,94-98,1,1,0,0,0,9,7,9,8,17,12,5,
Nebraska,99-03,2,1,7,0,6,5,7,7,6,5,6,5,
Nebraska,04-08,3,1,8,0,0,0,0,7,8,0,0,0,
Nebraska,09-13,4,1,0,0,5,5,0,0,6,0,0,0,
Nebraska,14-18,5,1,0,0,0,0,0,0,0,6,0,0,
Nevada,94-98,1,1,19,11,10,29,67,56,54,42,21,9,
Nevada,99-03,2,1,10,0,5,16,28,42,44,18,13,5,
Nevada,04-08,3,1,16,7,18,12,15,33,39,18,10,0,
Nevada,09-13,4,1,40,7,13,10,10,21,23,15,11,0,
Nevada,14-18,5,1,12,0,13,10,13,12,17,10,5,0,
New Hampshire,94-98,1,1,0,0,0,0,7,10,11,9,14,0,
New Hampshire,99-03,2,1,0,0,0,0,0,0,7,0,6,0,
New Hampshire,04-08,3,1,0,0,0,0,0,0,5,5,0,0,
New Hampshire,09-13,4,1,0,0,0,0,0,0,0,0,0,0,
New Hampshire,14-18,5,1,0,0,0,0,0,0,0,0,0,0,
New Jersey,94-98,1,1,112,78,106,333,564,358,219,216,191,67,
New Jersey,99-03,2,1,65,31,39,91,198,195,108,121,106,51,
New Jersey,04-08,3,1,56,31,46,53,104,124,92,64,64,29,
New Jersey,09-13,4,1,38,26,34,22,40,70,65,60,46,26,
New Jersey,14-18,5,1,33,17,22,23,21,35,32,41,30,13,
New Mexico,94-98,1,1,17,6,5,23,31,25,33,63,53,22,
New Mexico,99-03,2,1,0,7,7,13,23,25,24,19,28,29,
New Mexico,04-08,3,1,0,0,6,6,14,19,19,25,19,9,
New Mexico,09-13,4,1,0,0,0,6,15,20,19,15,21,17,
New Mexico,14-18,5,1,0,0,0,5,7,21,11,11,13,0,
New York,94-98,1,1,325,176,296,1283,2048,1369,753,626,426,177,
New York,99-03,2,1,161,94,152,326,664,596,417,294,253,82,
New York,04-08,3,1,112,56,138,174,313,363,276,162,155,66,
New York,09-13,4,1,64,40,87,96,113,180,157,111,79,53,
New York,14-18,5,1,49,26,81,73,71,81,117,81,57,27,
North Carolina,94-98,1,1,67,29,74,243,409,366,269,340,317,146,
North Carolina,99-03,2,1,57,23,60,121,298,287,214,188,207,99,
North Carolina,04-08,3,1,75,21,65,111,171,213,158,115,141,56,
North Carolina,09-13,4,1,55,15,47,61,87,133,104,80,75,38,
North Carolina,14-18,5,1,30,15,39,43,63,92,100,52,60,26,
North Dakota,94-98,1,1,0,0,0,0,0,0,0,8,0,5,
North Dakota,99-03,2,1,0,0,0,0,0,0,0,7,5,0,
North Dakota,04-08,3,1,0,0,0,0,0,5,0,0,0,0,
North Dakota,09-13,4,1,0,0,6,0,0,8,0,0,0,0,
North Dakota,14-18,5,1,0,0,5,0,0,7,6,0,0,0,
Ohio,94-98,1,1,35,30,29,98,169,147,141,186,230,106,
Ohio,99-03,2,1,31,14,35,62,148,173,139,144,177,83,
Ohio,04-08,3,1,22,14,46,50,95,126,86,77,109,49,
Ohio,09-13,4,1,8,6,22,28,41,84,56,53,52,44,
Ohio,14-18,5,1,5,5,16,21,28,49,52,37,43,21,
Oklahoma,94-98,1,1,46,40,32,97,145,146,127,114,126,66,
Oklahoma,99-03,2,1,68,22,50,79,131,121,92,69,78,34,
Oklahoma,04-08,3,1,56,23,25,50,72,116,99,49,36,18,
Oklahoma,09-13,4,1,27,12,21,30,18,60,72,33,26,7,
Oklahoma,14-18,5,1,9,8,15,8,22,29,36,26,21,0,
Oregon,94-98,1,1,22,11,22,59,71,78,61,46,51,11,
Oregon,99-03,2,1,14,6,11,29,32,53,34,24,22,8,
Oregon,04-08,3,1,5,0,10,16,28,28,27,11,7,9,
Oregon,09-13,4,1,6,0,13,10,10,32,17,12,6,5,
Oregon,14-18,5,1,8,0,11,15,15,16,23,14,5,0,
Pennsylvania,94-98,1,1,89,62,68,229,374,307,279,340,364,144,
Pennsylvania,99-03,2,1,30,22,38,83,188,190,149,155,208,93,
Pennsylvania,04-08,3,1,39,33,41,56,80,138,122,105,139,58,
Pennsylvania,09-13,4,1,15,7,24,37,43,98,87,60,66,45,
Pennsylvania,14-18,5,1,6,5,14,29,25,57,71,38,54,24,
Rhode Island,94-98,1,1,20,5,0,7,12,7,11,15,12,6,
Rhode Island,99-03,2,1,9,0,0,0,12,14,17,16,13,5,
Rhode Island,04-08,3,1,0,0,0,6,7,7,8,0,10,5,
Rhode Island,09-13,4,1,5,0,0,5,0,0,0,0,8,0,
Rhode Island,14-18,5,1,0,0,0,0,0,0,0,0,0,0,
South Carolina,94-98,1,1,64,34,66,154,324,297,226,196,166,54,
South Carolina,99-03,2,1,40,33,53,119,241,252,167,149,117,44,
South Carolina,04-08,3,1,53,20,53,76,139,197,155,87,66,43,
South Carolina,09-13,4,1,27,22,22,66,58,106,80,62,50,26,
South Carolina,14-18,5,1,13,16,15,24,36,64,89,46,32,19,
South Dakota,94-98,1,1,0,0,0,6,12,25,16,19,9,0,
South Dakota,99-03,2,1,0,0,0,6,7,10,13,13,12,0,
South Dakota,04-08,3,1,0,0,0,0,6,5,11,0,6,5,
South Dakota,09-13,4,1,0,0,6,5,5,9,8,5,6,0,
South Dakota,14-18,5,1,0,0,5,0,0,9,9,7,0,0,
Tennessee,94-98,1,1,66,22,87,226,354,300,236,311,397,210,
Tennessee,99-03,2,1,47,19,66,151,255,220,189,162,211,105,
Tennessee,04-08,3,1,46,18,56,87,149,231,133,100,137,77,
Tennessee,09-13,4,1,34,17,35,47,72,118,99,60,52,38,
Tennessee,14-18,5,1,17,8,21,34,35,54,70,49,37,29,
Texas,94-98,1,1,449,239,474,1160,1699,1182,843,683,430,189,
Texas,99-03,2,1,320,123,290,497,953,1055,558,400,269,87,
Texas,04-08,3,1,308,127,346,404,691,971,569,309,214,76,
Texas,09-13,4,1,287,114,339,316,414,611,555,236,144,50,
Texas,14-18,5,1,193,97,248,292,302,441,479,242,110,44,
Utah,94-98,1,1,7,0,5,17,31,30,18,20,11,5,
Utah,99-03,2,1,0,0,10,8,8,21,12,7,6,0,
Utah,04-08,3,1,0,0,6,0,5,11,8,0,0,0,
Utah,09-13,4,1,5,0,5,7,0,0,5,5,0,0,
Utah,14-18,5,1,6,0,0,0,0,0,5,0,0,0,
Vermont,94-98,1,1,0,0,0,0,0,0,6,0,5,0,
Vermont,99-03,2,1,0,0,0,0,0,0,0,0,0,0,
Vermont,04-08,3,1,0,0,0,0,0,0,0,0,0,0,
Vermont,09-13,4,1,0,0,0,0,0,0,0,0,0,0,
Vermont,14-18,5,1,0,0,0,0,0,0,0,0,0,0,
Virginia,94-98,1,1,25,17,28,94,144,148,129,152,200,100,
Virginia,99-03,2,1,40,9,30,44,81,117,107,78,94,50,
Virginia,04-08,3,1,46,16,22,31,68,89,78,71,58,30,
Virginia,09-13,4,1,19,20,20,28,47,42,50,32,36,21,
Virginia,14-18,5,1,13,12,12,23,14,23,31,34,25,18,
Washington,94-98,1,1,50,15,18,60,109,99,75,72,58,31,
Washington,99-03,2,1,18,14,26,29,92,95,61,43,36,16,
Washington,04-08,3,1,31,14,28,26,56,90,51,32,26,15,
Washington,09-13,4,1,28,16,26,27,30,45,44,17,19,9,
Washington,14-18,5,1,21,12,35,29,21,21,38,20,8,7,
West Virginia,94-98,1,1,0,0,6,15,38,40,37,55,67,31,
West Virginia,99-03,2,1,0,0,0,10,20,25,30,19,31,15,
West Virginia,04-08,3,1,0,0,6,0,8,26,14,10,19,15,
West Virginia,09-13,4,1,0,0,0,5,7,10,10,0,5,9,
West Virginia,14-18,5,1,0,0,0,0,0,6,11,6,7,6,
Wisconsin,94-98,1,1,7,10,17,41,59,53,46,67,61,35,
Wisconsin,99-03,2,1,5,0,14,19,33,31,26,36,31,19,
Wisconsin,04-08,3,1,11,0,12,7,18,23,28,18,18,17,
Wisconsin,09-13,4,1,11,10,13,12,11,21,12,15,12,0,
Wisconsin,14-18,5,1,0,0,5,10,7,18,20,8,6,0,
Wyoming,94-98,1,1,0,0,0,0,5,0,5,6,5,0,
Wyoming,99-03,2,1,0,0,0,0,0,0,0,0,0,0,
Wyoming,04-08,3,1,0,0,0,0,0,0,0,0,0,0,
Wyoming,09-13,4,1,0,0,0,0,0,0,0,0,0,0,
Wyoming,14-18,5,1,0,0,0,0,0,0,0,0,0,0,
Alabama,94-98,1,0,0,0,19,29,14,13,8,0,0,0,
Alabama,99-03,2,0,0,0,35,42,25,16,12,0,0,0,
Alabama,04-08,3,0,0,0,50,80,37,26,6,0,0,0,
Alabama,09-13,4,0,0,0,36,52,43,19,12,9,0,0,
Alabama,14-18,5,0,0,0,21,37,31,16,12,7,5,0,
Alaska,94-98,1,0,0,0,5,19,7,10,12,10,6,0,
Alaska,99-03,2,0,0,0,14,10,15,12,11,7,5,0,
Alaska,04-08,3,0,0,0,0,13,7,14,12,8,0,0,
Alaska,09-13,4,0,0,0,7,9,10,9,11,5,0,0,
Alaska,14-18,5,0,0,0,5,7,7,7,14,9,8,0,
Arizona,94-98,1,0,9,37,70,113,94,58,55,54,26,9,
Arizona,99-03,2,0,9,21,120,180,137,83,49,64,29,8,
Arizona,04-08,3,0,16,33,115,205,164,119,71,60,40,18,
Arizona,09-13,4,0,8,12,102,206,144,109,68,76,54,12,
Arizona,14-18,5,0,0,12,107,154,109,82,70,72,56,16,
Arkansas,94-98,1,0,6,8,12,16,13,0,9,9,0,0,
Arkansas,99-03,2,0,10,12,28,20,19,13,12,7,0,0,
Arkansas,04-08,3,0,0,16,45,31,25,22,13,7,0,0,
Arkansas,09-13,4,0,0,7,20,27,20,15,12,6,5,0,
Arkansas,14-18,5,0,0,8,26,44,21,20,22,6,0,0,
California,94-98,1,0,230,406,1726,2807,2303,1931,1752,1759,1125,394,
California,99-03,2,0,153,234,1287,2255,1969,1773,1579,1426,1118,358,
California,04-08,3,0,71,122,1103,1800,1735,1725,1506,1284,1014,379,
California,09-13,4,0,21,65,667,1285,1315,1405,1498,1182,1029,440,
California,14-18,5,0,15,31,513,1074,967,1238,1590,1346,1168,529,
Colorado,94-98,1,0,0,0,26,36,33,29,20,26,20,0,
Colorado,99-03,2,0,11,13,55,84,55,39,30,33,15,5,
Colorado,04-08,3,0,12,25,67,82,49,47,39,33,21,5,
Colorado,09-13,4,0,0,9,32,56,47,43,25,29,17,8,
Colorado,14-18,5,0,0,0,22,51,44,38,38,36,34,5,
Connecticut,94-98,1,0,0,0,39,103,57,24,24,27,22,6,
Connecticut,99-03,2,0,0,0,58,101,57,42,34,17,24,6,
Connecticut,04-08,3,0,0,0,53,98,70,46,28,17,18,0,
Connecticut,09-13,4,0,0,0,41,106,50,37,23,21,24,6,
Connecticut,14-18,5,0,0,0,32,56,43,35,20,19,18,10,
Delaware,94-98,1,0,0,0,15,28,17,0,10,0,0,0,
Delaware,99-03,2,0,0,0,17,23,15,11,0,0,5,0,
Delaware,04-08,3,0,0,0,18,28,13,8,7,0,0,0,
Delaware,09-13,4,0,0,0,13,20,16,10,6,0,0,0,
Delaware,14-18,5,0,0,0,10,17,12,0,7,0,0,0,
District of Columbia,94-98,1,0,0,0,18,38,24,19,9,6,0,0,
District of Columbia,99-03,2,0,0,0,28,33,25,15,10,0,0,0,
District of Columbia,04-08,3,0,0,0,17,56,22,24,13,6,7,0,
District of Columbia,09-13,4,0,0,0,16,40,22,15,12,9,0,0,
District of Columbia,14-18,5,0,0,0,10,26,26,17,15,0,7,0,
Florida,94-98,1,0,10,29,222,481,485,314,191,158,94,40,
Florida,99-03,2,0,32,56,291,515,483,362,240,170,106,39,
Florida,04-08,3,0,23,64,367,521,465,404,242,169,99,27,
Florida,09-13,4,0,7,35,194,388,368,319,240,179,126,32,
Florida,14-18,5,0,0,19,184,318,315,310,266,206,109,35,
Georgia,94-98,1,0,15,23,108,121,73,57,34,32,10,0,
Georgia,99-03,2,0,16,17,185,248,133,81,48,31,9,0,
Georgia,04-08,3,0,15,14,181,300,180,110,71,47,15,0,
Georgia,09-13,4,0,5,21,130,230,169,128,75,45,29,10,
Georgia,14-18,5,0,8,11,68,180,149,101,88,75,48,10,
Hawaii,94-98,1,0,0,11,85,112,102,120,121,132,55,18,
Hawaii,99-03,2,0,5,5,61,67,95,101,97,76,63,26,
Hawaii,04-08,3,0,0,9,54,67,60,87,89,62,48,15,
Hawaii,09-13,4,0,0,6,51,62,50,79,99,83,48,20,
Hawaii,14-18,5,0,0,7,48,56,64,74,105,101,54,26,
Idaho,94-98,1,0,0,0,5,0,9,7,0,0,0,0,
Idaho,99-03,2,0,0,0,9,5,5,0,0,0,0,0,
Idaho,04-08,3,0,0,0,6,15,0,0,0,0,0,0,
Idaho,09-13,4,0,0,0,10,8,0,0,0,0,6,0,
Idaho,14-18,5,0,0,0,6,9,8,0,10,5,0,0,
Illinois,94-98,1,0,14,28,160,254,171,138,116,118,60,24,
Illinois,99-03,2,0,17,25,193,374,205,206,163,115,83,18,
Illinois,04-08,3,0,21,25,169,331,238,231,189,116,88,38,
Illinois,09-13,4,0,12,9,122,224,202,188,162,120,102,28,
Illinois,14-18,5,0,13,12,122,213,168,170,161,183,115,38,
Indiana,94-98,1,0,5,0,23,51,19,13,11,12,8,0,
Indiana,99-03,2,0,0,0,38,71,35,19,14,13,7,0,
Indiana,04-08,3,0,9,0,49,78,55,23,24,8,0,0,
Indiana,09-13,4,0,6,8,38,57,47,23,18,17,12,0,
Indiana,14-18,5,0,0,6,69,98,64,31,24,21,19,0,
Iowa,94-98,1,0,0,0,29,49,17,22,13,5,0,0,
Iowa,99-03,2,0,0,5,20,45,26,17,9,10,0,0,
Iowa,04-08,3,0,0,0,24,58,26,15,11,5,0,0,
Iowa,09-13,4,0,0,0,30,51,32,16,16,6,5,0,
Iowa,14-18,5,0,0,0,22,48,47,24,17,11,9,5,
Kansas,94-98,1,0,0,0,32,37,25,26,12,9,10,0,
Kansas,99-03,2,0,0,8,44,60,27,23,21,12,0,0,
Kansas,04-08,3,0,0,5,37,54,29,28,21,7,5,0,
Kansas,09-13,4,0,0,0,26,29,21,14,18,15,8,0,
Kansas,14-18,5,0,0,0,23,24,27,22,9,10,10,0,
Kentucky,94-98,1,0,0,0,18,22,16,12,12,5,0,0,
Kentucky,99-03,2,0,0,0,35,48,18,15,7,7,0,0,
Kentucky,04-08,3,0,0,0,49,48,34,10,8,9,0,0,
Kentucky,09-13,4,0,0,0,28,49,32,16,7,0,0,0,
Kentucky,14-18,5,0,0,5,24,55,35,32,15,16,0,0,
Louisiana,94-98,1,0,0,0,20,31,36,19,16,11,7,0,
Louisiana,99-03,2,0,0,0,13,29,33,21,18,10,10,0,
Louisiana,04-08,3,0,0,0,18,47,38,25,15,5,10,0,
Louisiana,09-13,4,0,0,0,22,36,36,27,24,10,13,0,
Louisiana,14-18,5,0,0,0,19,44,38,29,35,15,15,0,
Maine,94-98,1,0,0,0,6,11,7,0,0,0,0,0,
Maine,99-03,2,0,0,0,7,16,13,8,0,0,0,0,
Maine,04-08,3,0,0,0,8,13,10,5,0,0,0,0,
Maine,09-13,4,0,0,0,7,7,5,0,0,0,0,0,
Maine,14-18,5,0,0,0,11,15,15,5,5,5,0,0,
Maryland,94-98,1,0,13,14,100,197,123,71,62,67,36,8,
Maryland,99-03,2,0,0,21,131,227,159,92,62,53,31,7,
Maryland,04-08,3,0,6,17,165,274,170,108,71,52,35,15,
Maryland,09-13,4,0,6,12,86,215,178,107,65,69,31,12,
Maryland,14-18,5,0,0,14,106,170,162,117,94,83,49,15,
Massachusetts,94-98,1,0,0,18,148,252,185,106,81,59,43,16,
Massachusetts,99-03,2,0,7,11,144,304,173,125,97,92,40,18,
Massachusetts,04-08,3,0,0,19,137,262,164,138,116,77,69,18,
Massachusetts,09-13,4,0,0,6,107,194,135,114,88,73,61,22,
Massachusetts,14-18,5,0,0,12,90,165,151,112,113,99,85,24,
Michigan,94-98,1,0,9,5,45,88,59,43,40,21,17,5,
Michigan,99-03,2,0,8,13,96,155,91,55,41,35,26,9,
Michigan,04-08,3,0,0,9,79,145,60,36,48,39,30,11,
Michigan,09-13,4,0,0,0,50,93,72,56,39,42,35,10,
Michigan,14-18,5,0,0,9,46,79,55,46,41,49,36,10,
Minnesota,94-98,1,0,11,21,108,119,57,47,35,21,21,7,
Minnesota,99-03,2,0,10,50,263,258,94,67,49,33,18,0,
Minnesota,04-08,3,0,12,52,263,231,111,66,48,55,16,13,
Minnesota,09-13,4,0,7,23,118,185,89,57,60,43,25,5,
Minnesota,14-18,5,0,6,27,107,186,94,62,79,65,41,13,
Mississippi,94-98,1,0,0,0,8,15,9,7,7,0,0,0,
Mississippi,99-03,2,0,0,0,6,27,7,10,0,0,0,0,
Mississippi,04-08,3,0,0,0,13,20,13,10,0,0,0,0,
Mississippi,09-13,4,0,0,0,13,17,17,9,0,6,5,0,
Mississippi,14-18,5,0,0,0,6,13,11,8,8,0,0,0,
Missouri,94-98,1,0,0,0,38,49,23,24,15,19,11,0,
Missouri,99-03,2,0,5,0,38,61,35,20,19,21,9,0,
Missouri,04-08,3,0,0,0,43,68,36,21,21,12,15,0,
Missouri,09-13,4,0,0,6,42,51,37,30,24,19,15,0,
Missouri,14-18,5,0,0,0,39,75,36,34,26,13,11,6,
Montana,94-98,1,0,0,0,0,0,0,0,0,0,0,0,
Montana,99-03,2,0,0,0,0,0,0,0,0,0,0,0,
Montana,04-08,3,0,0,0,0,0,5,0,0,0,0,0,
Montana,09-13,4,0,0,0,0,0,0,0,0,0,0,0,
Montana,14-18,5,0,0,0,0,0,0,0,0,0,0,0,
Nebraska,94-98,1,0,0,0,5,18,11,8,5,5,0,0,
Nebraska,99-03,2,0,0,0,16,24,13,13,9,7,0,0,
Nebraska,04-08,3,0,0,0,25,29,15,20,8,7,7,0,
Nebraska,09-13,4,0,0,0,22,22,16,7,13,0,0,0,
Nebraska,14-18,5,0,0,0,19,35,24,16,8,0,6,0,
Nevada,94-98,1,0,5,6,27,58,63,40,49,33,12,0,
Nevada,99-03,2,0,0,8,33,56,63,41,45,26,11,0,
Nevada,04-08,3,0,0,0,44,56,68,53,60,28,21,0,
Nevada,09-13,4,0,11,12,28,51,56,59,44,44,25,7,
Nevada,14-18,5,0,0,0,18,40,48,43,41,38,22,10,
New Hampshire,94-98,1,0,0,0,0,12,0,8,5,0,0,0,
New Hampshire,99-03,2,0,0,0,12,26,11,6,0,0,0,0,
New Hampshire,04-08,3,0,0,0,8,11,13,0,7,10,0,0,
New Hampshire,09-13,4,0,0,0,11,9,11,7,0,5,0,0,
New Hampshire,14-18,5,0,0,0,5,17,9,10,0,0,5,0,
New Jersey,94-98,1,0,14,63,218,432,340,214,131,114,73,28,
New Jersey,99-03,2,0,7,29,276,477,303,215,148,124,75,25,
New Jersey,04-08,3,0,0,19,245,469,336,224,163,123,89,29,
New Jersey,09-13,4,0,0,6,152,353,246,184,161,121,76,31,
New Jersey,14-18,5,0,0,12,128,256,214,173,182,128,103,34,
New Mexico,94-98,1,0,0,0,11,15,21,13,18,19,9,0,
New Mexico,99-03,2,0,0,0,8,11,10,16,10,19,14,0,
New Mexico,04-08,3,0,0,0,6,15,15,20,19,22,16,0,
New Mexico,09-13,4,0,0,0,10,21,14,17,12,30,14,0,
New Mexico,14-18,5,0,0,0,14,17,17,23,17,29,14,0,
New York,94-98,1,0,47,138,836,1399,1229,783,518,450,281,123,
New York,99-03,2,0,22,85,720,1287,1061,643,456,372,228,86,
New York,04-08,3,0,25,69,603,1080,839,647,464,371,247,81,
New York,09-13,4,0,13,42,445,803,653,524,466,326,232,100,
New York,14-18,5,0,13,23,337,620,478,460,507,340,292,120,
North Carolina,94-98,1,0,5,9,68,88,73,42,23,20,5,0,
North Carolina,99-03,2,0,6,10,138,206,112,60,28,10,11,0,
North Carolina,04-08,3,0,7,14,133,210,113,59,50,24,20,6,
North Carolina,09-13,4,0,0,13,88,147,102,59,50,38,10,7,
North Carolina,14-18,5,0,0,5,47,125,105,88,39,51,31,10,
North Dakota,94-98,1,0,0,0,0,0,0,0,0,0,0,0,
North Dakota,99-03,2,0,0,0,0,0,0,0,0,0,0,0,
North Dakota,04-08,3,0,0,0,0,5,0,0,0,0,0,0,
North Dakota,09-13,4,0,0,0,9,7,5,0,0,0,0,0,
North Dakota,14-18,5,0,0,0,11,13,6,9,0,0,0,0,
Ohio,94-98,1,0,0,5,36,76,29,24,22,28,21,8,
Ohio,99-03,2,0,0,12,107,127,75,31,28,25,24,8,
Ohio,04-08,3,0,13,24,106,151,90,36,31,28,24,0,
Ohio,09-13,4,0,5,15,67,134,66,46,29,28,22,0,
Ohio,14-18,5,0,0,12,64,144,86,56,41,44,33,6,
Oklahoma,94-98,1,0,0,0,22,26,24,25,13,8,5,0,
Oklahoma,99-03,2,0,0,0,36,49,23,16,14,9,5,0,
Oklahoma,04-08,3,0,0,7,32,41,29,24,16,12,6,0,
Oklahoma,09-13,4,0,7,6,20,37,21,15,9,9,0,0,
Oklahoma,14-18,5,0,6,7,21,37,17,25,14,17,6,0,
Oregon,94-98,1,0,6,16,75,109,63,37,23,32,19,12,
Oregon,99-03,2,0,5,11,59,97,54,39,27,36,18,0,
Oregon,04-08,3,0,0,10,44,65,57,42,34,25,23,10,
Oregon,09-13,4,0,0,0,31,65,48,37,36,31,14,5,
Oregon,14-18,5,0,0,0,25,47,45,33,46,30,19,7,
Pennsylvania,94-98,1,0,9,21,88,130,110,62,58,55,28,11,
Pennsylvania,99-03,2,0,15,17,107,199,114,70,66,54,48,17,
Pennsylvania,04-08,3,0,17,47,123,207,150,102,70,55,48,9,
Pennsylvania,09-13,4,0,0,18,95,172,130,78,96,58,36,10,
Pennsylvania,14-18,5,0,0,7,57,139,110,92,93,84,63,14,
Rhode Island,94-98,1,0,0,0,19,30,33,16,21,9,0,0,
Rhode Island,99-03,2,0,0,8,31,35,24,20,16,11,8,0,
Rhode Island,04-08,3,0,5,6,16,36,25,18,19,12,8,0,
Rhode Island,09-13,4,0,0,0,9,20,15,12,10,14,6,0,
Rhode Island,14-18,5,0,0,0,9,16,8,13,8,13,7,0,
South Carolina,94-98,1,0,0,0,16,39,12,12,7,10,0,0,
South Carolina,99-03,2,0,0,0,46,46,27,17,6,8,0,0,
South Carolina,04-08,3,0,0,5,64,74,32,20,16,9,6,0,
South Carolina,09-13,4,0,0,0,35,50,24,22,18,8,0,0,
South Carolina,14-18,5,0,0,0,23,32,21,16,7,7,6,0,
South Dakota,94-98,1,0,0,0,0,10,0,0,0,0,0,0,
South Dakota,99-03,2,0,0,0,5,5,0,0,0,0,0,0,
South Dakota,04-08,3,0,0,0,5,9,0,0,0,0,0,0,
South Dakota,09-13,4,0,0,0,5,7,0,0,0,0,0,0,
South Dakota,14-18,5,0,0,0,0,12,5,0,0,0,0,0,
Tennessee,94-98,1,0,0,7,39,53,31,27,12,9,0,0,
Tennessee,99-03,2,0,7,12,50,76,40,28,14,10,8,0,
Tennessee,04-08,3,0,6,11,68,121,52,37,20,13,8,0,
Tennessee,09-13,4,0,5,0,47,95,60,35,16,13,9,0,
Tennessee,14-18,5,0,5,0,42,72,60,40,32,23,11,0,
Texas,94-98,1,0,52,94,498,735,590,423,385,319,180,70,
Texas,99-03,2,0,25,77,457,785,574,487,370,275,223,55,
Texas,04-08,3,0,30,56,505,943,706,557,390,300,198,64,
Texas,09-13,4,0,14,41,446,825,674,544,456,299,205,70,
Texas,14-18,5,0,7,37,433,683,666,568,537,360,267,69,
Utah,94-98,1,0,0,10,15,21,22,11,6,5,0,5,
Utah,99-03,2,0,0,10,14,31,10,13,14,12,6,0,
Utah,04-08,3,0,0,0,23,32,17,13,6,12,5,0,
Utah,09-13,4,0,0,0,10,42,17,15,14,9,9,0,
Utah,14-18,5,0,0,0,12,20,22,14,14,7,7,0,
Vermont,94-98,1,0,0,0,0,0,0,0,0,0,0,0,
Vermont,99-03,2,0,0,0,0,0,0,0,0,0,0,0,
Vermont,04-08,3,0,0,0,5,0,0,0,0,0,0,0,
Vermont,09-13,4,0,0,0,0,0,5,0,0,0,0,0,
Vermont,14-18,5,0,0,0,0,9,0,0,0,0,0,0,
Virginia,94-98,1,0,0,9,120,196,123,87,64,70,33,9,
Virginia,99-03,2,0,8,19,161,295,159,113,78,49,33,9,
Virginia,04-08,3,0,12,23,187,319,202,137,94,65,58,11,
Virginia,09-13,4,0,0,20,102,238,156,125,80,75,43,14,
Virginia,14-18,5,0,0,15,72,176,147,111,125,100,50,16,
Washington,94-98,1,0,31,16,121,176,132,107,90,81,36,13,
Washington,99-03,2,0,12,15,140,197,128,116,83,81,61,11,
Washington,04-08,3,0,8,18,153,205,142,102,96,83,73,31,
Washington,09-13,4,0,10,13,95,211,115,86,98,99,77,21,
Washington,14-18,5,0,0,5,85,168,111,110,97,99,77,29,
West Virginia,94-98,1,0,0,0,0,0,0,5,0,0,0,0,
West Virginia,99-03,2,0,0,0,0,0,0,0,0,0,0,0,
West Virginia,04-08,3,0,0,0,6,5,6,0,0,0,0,0,
West Virginia,09-13,4,0,0,0,6,5,0,0,0,0,0,0,
West Virginia,14-18,5,0,0,0,0,0,0,0,0,0,0,0,
Wisconsin,94-98,1,0,0,0,39,34,23,23,23,24,14,0,
Wisconsin,99-03,2,0,5,5,39,61,35,20,18,18,10,0,
Wisconsin,04-08,3,0,0,0,39,70,30,24,8,19,15,0,
Wisconsin,09-13,4,0,0,0,27,58,27,23,22,21,8,5,
Wisconsin,14-18,5,0,0,0,16,37,24,20,26,21,18,8,
Wyoming,94-98,1,0,0,0,0,0,0,0,0,0,0,0,
Wyoming,99-03,2,0,0,0,0,0,0,0,0,0,0,0,
Wyoming,04-08,3,0,0,0,0,5,0,0,0,0,0,0,
Wyoming,09-13,4,0,0,0,5,0,0,0,0,0,0,0,
Wyoming,14-18,5,0,0,0,0,0,0,0,0,0,0,0,