State,State Code,Year,Deaths,Population,Crude Rate
Alabama,1,1979,34457,3873403,890
Alabama,1,1980,35542,3898117,912
Alabama,1,1981,35412,3920097,903
Alabama,1,1982,35002,3925924,892
Alabama,1,1983,35560,3933838,904
Alabama,1,1984,36536,3952400,924
Alabama,1,1985,37603,3974101,946
Alabama,1,1986,37718,3993162,945
Alabama,1,1987,37708,4017181,939
Alabama,1,1988,39127,4027045,972
Alabama,1,1989,39006,4034980,967
Alabama,1,1990,39381,4043643,974
Alabama,1,1991,40063,4101607,977
Alabama,1,1992,39352,4155699,947
Alabama,1,1993,41272,4216208,979
Alabama,1,1994,41708,4262457,979
Alabama,1,1995,42362,4298981,985
Alabama,1,1996,42827,4334219,988
Alabama,1,1997,43258,4370490,990
Alabama,1,1998,43950,4408398,997
Alabama,1,1999,44806,4430141,1011
Alabama,1,2000,45062,4447100,1013
Alabama,1,2001,45316,4467634,1014
Alabama,1,2002,46069,4480089,1028
Alabama,1,2003,46716,4503491,1037
Alabama,1,2004,46121,4530729,1018
Alabama,1,2005,47090,4569805,1031
Alabama,1,2006,46977,4628981,1015
Alabama,1,2007,46696,4672840,999
Alabama,1,2008,47707,4718206,1011
Alabama,1,2009,47470,4757938,998
Alabama,1,2010,48038,4779736,1005
Alabama,1,2011,48681,4799918,1014
Alabama,1,2012,49301,4815960,1024
Alabama,1,2013,50189,4829479,1039
Alabama,1,2014,50215,4843214,1037
Alabama,1,2015,51909,4853875,1069
Alabama,1,2016,52466,4863300,1079
Alaska,2,1979,1567,404735,387
Alaska,2,1980,1714,403594,425
Alaska,2,1981,1723,420161,410
Alaska,2,1982,1785,451672,395
Alaska,2,1983,1897,490111,387
Alaska,2,1984,1929,515014,375
Alaska,2,1985,2068,533411,388
Alaska,2,1986,2090,544113,384
Alaska,2,1987,2055,538774,381
Alaska,2,1988,2064,541504,381
Alaska,2,1989,2095,547442,383
Alaska,2,1990,2188,549982,398
Alaska,2,1991,2200,570440,386
Alaska,2,1992,2303,589389,391
Alaska,2,1993,2383,599884,397
Alaska,2,1994,2445,603918,405
Alaska,2,1995,2553,605068,422
Alaska,2,1996,2582,609231,424
Alaska,2,1997,2575,613530,420
Alaska,2,1998,2571,620503,414
Alaska,2,1999,2708,624779,433
Alaska,2,2000,2914,626932,465
Alaska,2,2001,2974,633714,469
Alaska,2,2002,3030,642337,472
Alaska,2,2003,3180,648414,490
Alaska,2,2004,3051,659286,463
Alaska,2,2005,3168,666946,475
Alaska,2,2006,3354,675302,497
Alaska,2,2007,3463,680300,509
Alaska,2,2008,3494,687455,508
Alaska,2,2009,3618,698895,518
Alaska,2,2010,3728,710231,525
Alaska,2,2011,3849,722713,533
Alaska,2,2012,3912,731089,535
Alaska,2,2013,3997,736879,542
Alaska,2,2014,4128,736705,560
Alaska,2,2015,4316,737709,585
Alaska,2,2016,4494,741894,606
Arizona,4,1979,19782,2643879,748
Arizona,4,1980,21367,2725485,784
Arizona,4,1981,21358,2816864,758
Arizona,4,1982,21969,2896090,759
Arizona,4,1983,22593,2974479,760
Arizona,4,1984,23972,3072024,780
Arizona,4,1985,24619,3190632,772
Arizona,4,1986,25569,3315309,771
Arizona,4,1987,26969,3444621,783
Arizona,4,1988,27684,3543501,781
Arizona,4,1989,28212,3629959,777
Arizona,4,1990,28789,3670009,784
Arizona,4,1991,29548,3789418,780
Arizona,4,1992,31055,3917373,793
Arizona,4,1993,33321,4066852,819
Arizona,4,1994,34298,4247728,807
Arizona,4,1995,35342,4433841,797
Arizona,4,1996,36592,4589841,797
Arizona,4,1997,37066,4739994,782
Arizona,4,1998,38300,4886250,784
Arizona,4,1999,40050,5023823,797
Arizona,4,2000,40500,5130632,789
Arizona,4,2001,41058,5273477,779
Arizona,4,2002,42816,5396255,793
Arizona,4,2003,43392,5510364,788
Arizona,4,2004,43198,5652404,764
Arizona,4,2005,45827,5839077,785
Arizona,4,2006,46365,6029141,769
Arizona,4,2007,45554,6167681,739
Arizona,4,2008,45823,6280362,730
Arizona,4,2009,45816,6343154,722
Arizona,4,2010,46762,6392017,732
Arizona,4,2011,48381,6467163,748
Arizona,4,2012,49549,6549634,757
Arizona,4,2013,50534,6624617,763
Arizona,4,2014,51538,6719993,767
Arizona,4,2015,54299,6817565,797
Arizona,4,2016,56645,6931071,817
Arkansas,5,1979,21550,2270804,949
Arkansas,5,1980,22744,2288599,994
Arkansas,5,1981,22372,2293696,975
Arkansas,5,1982,22419,2294665,977
Arkansas,5,1983,23154,2305943,1004
Arkansas,5,1984,23595,2320088,1017
Arkansas,5,1985,24137,2328082,1037
Arkansas,5,1986,23968,2332608,1028
Arkansas,5,1987,24429,2343274,1043
Arkansas,5,1988,24904,2344127,1062
Arkansas,5,1989,24647,2348699,1049
Arkansas,5,1990,24652,2352527,1048
Arkansas,5,1991,25048,2384138,1051
Arkansas,5,1992,24956,2416429,1033
Arkansas,5,1993,26531,2457014,1080
Arkansas,5,1994,26305,2494910,1054
Arkansas,5,1995,26702,2535835,1053
Arkansas,5,1996,26534,2573244,1031
Arkansas,5,1997,27844,2602253,1070
Arkansas,5,1998,27510,2627564,1047
Arkansas,5,1999,27925,2651860,1053
Arkansas,5,2000,28217,2673400,1056
Arkansas,5,2001,27759,2691571,1031
Arkansas,5,2002,28513,2705927,1054
Arkansas,5,2003,27918,2724816,1025
Arkansas,5,2004,27528,2749686,1001
Arkansas,5,2005,28055,2781097,1009
Arkansas,5,2006,27901,2821761,989
Arkansas,5,2007,28191,2848650,990
Arkansas,5,2008,29322,2874554,1020
Arkansas,5,2009,28673,2896843,990
Arkansas,5,2010,28916,2915918,992
Arkansas,5,2011,29653,2939493,1009
Arkansas,5,2012,30117,2950685,1021
Arkansas,5,2013,30437,2958663,1029
Arkansas,5,2014,30467,2966912,1027
Arkansas,5,2015,31617,2977853,1062
Arkansas,5,2016,31756,2988248,1063
California,6,1979,177399,23304422,761
California,6,1980,186624,23729183,787
California,6,1981,184987,24344273,760
California,6,1982,188471,24870183,758
California,6,1983,188442,25398443,742
California,6,1984,195531,25881851,756
California,6,1985,201911,26488512,762
California,6,1986,203293,27149692,749
California,6,1987,209424,27834578,752
California,6,1988,215485,28538528,755
California,6,1989,216619,29309226,739
California,6,1990,214369,29829422,719
California,6,1991,215284,30482745,706
California,6,1992,215847,30992952,696
California,6,1993,221989,31296016,709
California,6,1994,224292,31505058,712
California,6,1995,224213,31719735,707
California,6,1996,223447,32046821,697
California,6,1997,224592,32514514,691
California,6,1998,226954,33021362,687
California,6,1999,229380,33499204,685
California,6,2000,229551,33871648,678
California,6,2001,234044,34479458,679
California,6,2002,234565,34871843,673
California,6,2003,239371,35253159,679
California,6,2004,232525,35574576,654
California,6,2005,237037,35827943,662
California,6,2006,237126,36021202,658
California,6,2007,233720,36250311,645
California,6,2008,234766,36604337,641
California,6,2009,232736,36961229,630
California,6,2010,234012,37253956,628
California,6,2011,239942,37676861,637
California,6,2012,242554,38011074,638
California,6,2013,248359,38335203,648
California,6,2014,245929,38680810,636
California,6,2015,259206,38993940,665
California,6,2016,262240,39250017,668
Colorado,8,1979,18450,2854156,646
Colorado,8,1980,18956,2896401,655
Colorado,8,1981,19388,2983957,650
Colorado,8,1982,19649,3068025,640
Colorado,8,1983,19549,3137512,623
Colorado,8,1984,20394,3172473,643
Colorado,8,1985,20236,3211081,630
Colorado,8,1986,20810,3239353,642
Colorado,8,1987,21093,3261010,647
Colorado,8,1988,21350,3263281,654
Colorado,8,1989,21144,3276660,645
Colorado,8,1990,21583,3295529,655
Colorado,8,1991,22588,3387824,667
Colorado,8,1992,22440,3496821,642
Colorado,8,1993,23746,3614735,657
Colorado,8,1994,24250,3725509,651
Colorado,8,1995,25011,3827609,653
Colorado,8,1996,25723,3921395,656
Colorado,8,1997,25626,4018882,638
Colorado,8,1998,26640,4118190,647
Colorado,8,1999,27114,4226018,642
Colorado,8,2000,27288,4301261,634
Colorado,8,2001,28294,4425687,639
Colorado,8,2002,29210,4490406,651
Colorado,8,2003,29506,4528732,652
Colorado,8,2004,28309,4575013,619
Colorado,8,2005,29627,4631888,640
Colorado,8,2006,29521,4720423,625
Colorado,8,2007,29993,4803868,624
Colorado,8,2008,31274,4889730,640
Colorado,8,2009,31173,4972195,627
Colorado,8,2010,31465,5029196,626
Colorado,8,2011,32563,5118360,636
Colorado,8,2012,33133,5189867,638
Colorado,8,2013,33712,5267603,640
Colorado,8,2014,35237,5349648,659
Colorado,8,2015,36349,5448819,667
Colorado,8,2016,37530,5540545,677
Connecticut,9,1979,26053,3101686,840
Connecticut,9,1980,27275,3109321,877
Connecticut,9,1981,26768,3131032,855
Connecticut,9,1982,26838,3141181,854
Connecticut,9,1983,27246,3164200,861
Connecticut,9,1984,27851,3182426,875
Connecticut,9,1985,28170,3204314,879
Connecticut,9,1986,28096,3226567,871
Connecticut,9,1987,28327,3251130,871
Connecticut,9,1988,28576,3275681,872
Connecticut,9,1989,28243,3287127,859
Connecticut,9,1990,27607,3287825,840
Connecticut,9,1991,28029,3303749,848
Connecticut,9,1992,28254,3301385,856
Connecticut,9,1993,29037,3309945,877
Connecticut,9,1994,29273,3316918,883
Connecticut,9,1995,29457,3324324,886
Connecticut,9,1996,29560,3337947,886
Connecticut,9,1997,29415,3349822,878
Connecticut,9,1998,29710,3366615,883
Connecticut,9,1999,29446,3386401,870
Connecticut,9,2000,30129,3405565,885
Connecticut,9,2001,29827,3432835,869
Connecticut,9,2002,30122,3458749,871
Connecticut,9,2003,29627,3484336,850
Connecticut,9,2004,29314,3496094,839
Connecticut,9,2005,29467,3506956,840
Connecticut,9,2006,29260,3517460,832
Connecticut,9,2007,28651,3527270,812
Connecticut,9,2008,28794,3545579,812
Connecticut,9,2009,28585,3561807,803
Connecticut,9,2010,28692,3574097,803
Connecticut,9,2011,29526,3589893,823
Connecticut,9,2012,29316,3593795,816
Connecticut,9,2013,29632,3596003,824
Connecticut,9,2014,29860,3591873,831
Connecticut,9,2015,30535,3584730,852
Connecticut,9,2016,30543,3576452,854
Delaware,10,1979,4897,599476,817
Delaware,10,1980,5044,595519,847
Delaware,10,1981,5073,596658,850
Delaware,10,1982,5104,599565,851
Delaware,10,1983,5012,605660,828
Delaware,10,1984,5098,611723,833
Delaware,10,1985,5475,618730,885
Delaware,10,1986,5631,628001,897
Delaware,10,1987,5603,637508,879
Delaware,10,1988,5769,648489,890
Delaware,10,1989,5843,659194,886
Delaware,10,1990,5764,666780,865
Delaware,10,1991,5928,683489,867
Delaware,10,1992,5941,695038,855
Delaware,10,1993,6150,706719,870
Delaware,10,1994,6339,717867,883
Delaware,10,1995,6282,730099,860
Delaware,10,1996,6503,741330,877
Delaware,10,1997,6510,751824,866
Delaware,10,1998,6578,763841,861
Delaware,10,1999,6666,774990,860
Delaware,10,2000,6875,783600,877
Delaware,10,2001,7112,795699,894
Delaware,10,2002,6861,806169,851
Delaware,10,2003,7070,818003,864
Delaware,10,2004,7143,830803,860
Delaware,10,2005,7472,845150,884
Delaware,10,2006,7204,859268,838
Delaware,10,2007,7327,871749,841
Delaware,10,2008,7622,883874,862
Delaware,10,2009,7534,891730,845
Delaware,10,2010,7706,897934,858
Delaware,10,2011,7845,907924,864
Delaware,10,2012,7875,916993,859
Delaware,10,2013,7967,925395,861
Delaware,10,2014,8260,934948,884
Delaware,10,2015,8582,944076,909
Delaware,10,2016,8874,952065,932
District of Columbia,11,1979,6864,658050,1043
District of Columbia,11,1980,7108,640822,1109
District of Columbia,11,1981,6954,638852,1089
District of Columbia,11,1982,6713,636098,1055
District of Columbia,11,1983,6764,634223,1067
District of Columbia,11,1984,6762,635294,1064
District of Columbia,11,1985,6981,636435,1097
District of Columbia,11,1986,7284,640289,1138
District of Columbia,11,1987,7430,639144,1163
District of Columbia,11,1988,7664,633081,1211
District of Columbia,11,1989,7649,628088,1218
District of Columbia,11,1990,7313,609615,1200
District of Columbia,11,1991,7075,603671,1172
District of Columbia,11,1992,7110,600028,1185
District of Columbia,11,1993,7191,597713,1203
District of Columbia,11,1994,7208,591238,1219
District of Columbia,11,1995,6896,582247,1184
District of Columbia,11,1996,6624,573994,1154
District of Columbia,11,1997,6129,569116,1077
District of Columbia,11,1998,6054,566630,1068
District of Columbia,11,1999,6076,570213,1066
District of Columbia,11,2000,6001,572059,1049
District of Columbia,11,2001,5951,574504,1036
District of Columbia,11,2002,5851,573158,1021
District of Columbia,11,2003,5573,568502,980
District of Columbia,11,2004,5454,567754,961
District of Columbia,11,2005,5483,567136,967
District of Columbia,11,2006,5344,570681,936
District of Columbia,11,2007,5188,574404,903
District of Columbia,11,2008,5140,580236,886
District of Columbia,11,2009,4834,592228,816
District of Columbia,11,2010,4672,601723,776
District of Columbia,11,2011,4589,620477,740
District of Columbia,11,2012,4650,635327,732
District of Columbia,11,2013,4719,649165,727
District of Columbia,11,2014,4723,659005,717
District of Columbia,11,2015,4871,670377,727
District of Columbia,11,2016,5037,681170,740
Florida,12,1979,98524,9480731,1039
Florida,12,1980,104670,9764074,1072
Florida,12,1981,109127,10208144,1069
Florida,12,1982,108584,10487366,1035
Florida,12,1983,113195,10764476,1052
Florida,12,1984,115227,11055366,1042
Florida,12,1985,121108,11368628,1065
Florida,12,1986,123504,11682730,1057
Florida,12,1987,127290,12014726,1059
Florida,12,1988,131044,12326923,1063
Florida,12,1989,132765,12660706,1049
Florida,12,1990,134385,12952277,1038
Florida,12,1991,136293,13371703,1019
Florida,12,1992,139723,13654211,1023
Florida,12,1993,146699,13932066,1053
Florida,12,1994,148749,14244848,1044
Florida,12,1995,153176,14544358,1053
Florida,12,1996,153443,14860585,1033
Florida,12,1997,154497,15194344,1017
Florida,12,1998,158167,15496518,1021
Florida,12,1999,163224,15759421,1036
Florida,12,2000,164395,15982378,1029
Florida,12,2001,167269,16356966,1023
Florida,12,2002,167814,16689370,1006
Florida,12,2003,168657,17004085,992
Florida,12,2004,169008,17415318,971
Florida,12,2005,170791,17842038,957
Florida,12,2006,170066,18166990,936
Florida,12,2007,168096,18367842,915
Florida,12,2008,170703,18527305,921
Florida,12,2009,169924,18652644,911
Florida,12,2010,173791,18801310,924
Florida,12,2011,173976,19096952,911
Florida,12,2012,177291,19344156,917
Florida,12,2013,181112,19582022,925
Florida,12,2014,185956,19888741,935
Florida,12,2015,191737,20244914,947
Florida,12,2016,197313,20612439,957
Georgia,13,1979,43062,5397054,798
Georgia,13,1980,44262,5472448,809
Georgia,13,1981,44892,5572350,806
Georgia,13,1982,44179,5652656,782
Georgia,13,1983,46005,5729765,803
Georgia,13,1984,46595,5837719,798
Georgia,13,1985,48657,5968250,815
Georgia,13,1986,49347,6090642,810
Georgia,13,1987,50199,6216909,808
Georgia,13,1988,51627,6325549,816
Georgia,13,1989,52258,6421599,814
Georgia,13,1990,51810,6483380,799
Georgia,13,1991,52802,6655914,793
Georgia,13,1992,52992,6820520,777
Georgia,13,1993,56099,6981614,804
Georgia,13,1994,56571,7161196,790
Georgia,13,1995,58387,7333169,796
Georgia,13,1996,58754,7506543,783
Georgia,13,1997,59351,7691435,772
Georgia,13,1998,60428,7870311,768
Georgia,13,1999,62028,8045965,771
Georgia,13,2000,63870,8186453,780
Georgia,13,2001,64485,8377038,770
Georgia,13,2002,65449,8508256,769
Georgia,13,2003,66478,8622793,771
Georgia,13,2004,65818,8769252,751
Georgia,13,2005,66736,8925922,748
Georgia,13,2006,67808,9155813,741
Georgia,13,2007,68331,9349988,731
Georgia,13,2008,69640,9504843,733
Georgia,13,2009,69712,9620846,725
Georgia,13,2010,71263,9687653,736
Georgia,13,2011,71248,9811610,726
Georgia,13,2012,72847,9914668,735
Georgia,13,2013,75088,9984938,752
Georgia,13,2014,76887,10087231,762
Georgia,13,2015,79942,10199398,784
Georgia,13,2016,81428,10310371,790
Hawaii,15,1979,4870,952438,511
Hawaii,15,1980,4981,967282,515
Hawaii,15,1981,4991,980258,509
Hawaii,15,1982,5188,995925,521
Hawaii,15,1983,5482,1014687,540
Hawaii,15,1984,5640,1029123,548
Hawaii,15,1985,5825,1040309,560
Hawaii,15,1986,5874,1052609,558
Hawaii,15,1987,6224,1069296,582
Hawaii,15,1988,6075,1081823,562
Hawaii,15,1989,6502,1096941,593
Hawaii,15,1990,6782,1109946,611
Hawaii,15,1991,6810,1137471,599
Hawaii,15,1992,6968,1159490,601
Hawaii,15,1993,7329,1173765,624
Hawaii,15,1994,7336,1188875,617
Hawaii,15,1995,7633,1198027,637
Hawaii,15,1996,7948,1205599,659
Hawaii,15,1997,7892,1213103,651
Hawaii,15,1998,8091,1217209,665
Hawaii,15,1999,8270,1210300,683
Hawaii,15,2000,8290,1211537,684
Hawaii,15,2001,8394,1225948,685
Hawaii,15,2002,8801,1239613,710
Hawaii,15,2003,8978,1251154,718
Hawaii,15,2004,9030,1273569,709
Hawaii,15,2005,9136,1292729,707
Hawaii,15,2006,9432,1309731,720
Hawaii,15,2007,9495,1315675,722
Hawaii,15,2008,9501,1332213,713
Hawaii,15,2009,9914,1346717,736
Hawaii,15,2010,9617,1360301,707
Hawaii,15,2011,9923,1377864,720
Hawaii,15,2012,10274,1391820,738
Hawaii,15,2013,10505,1406481,747
Hawaii,15,2014,10767,1416349,760
Hawaii,15,2015,11053,1425157,776
Hawaii,15,2016,10913,1428557,764
Idaho,16,1979,6393,934621,684
Idaho,16,1980,6763,945395,715
Idaho,16,1981,6929,962481,720
Idaho,16,1982,6957,973832,714
Idaho,16,1983,7241,981166,738
Idaho,16,1984,7251,989800,733
Idaho,16,1985,7115,993122,716
Idaho,16,1986,7388,988853,747
Idaho,16,1987,7343,983879,746
Idaho,16,1988,7701,984942,782
Idaho,16,1989,7468,994027,751
Idaho,16,1990,7452,1006693,740
Idaho,16,1991,7719,1041649,741
Idaho,16,1992,7877,1072047,735
Idaho,16,1993,8395,1108881,757
Idaho,16,1994,8447,1145272,738
Idaho,16,1995,8516,1177589,723
Idaho,16,1996,8714,1203432,724
Idaho,16,1997,8976,1228543,731
Idaho,16,1998,9155,1252682,731
Idaho,16,1999,9579,1275674,751
Idaho,16,2000,9563,1293953,739
Idaho,16,2001,9753,1319962,739
Idaho,16,2002,9923,1340372,740
Idaho,16,2003,10380,1363380,761
Idaho,16,2004,10028,1391802,721
Idaho,16,2005,10556,1428241,739
Idaho,16,2006,10613,1468669,723
Idaho,16,2007,10822,1505105,719
Idaho,16,2008,10962,1534320,715
Idaho,16,2009,11098,1554439,714
Idaho,16,2010,11429,1567582,729
Idaho,16,2011,12027,1584143,759
Idaho,16,2012,11998,1595911,752
Idaho,16,2013,12434,1612011,771
Idaho,16,2014,12613,1633532,772
Idaho,16,2015,13026,1652828,788
Idaho,16,2016,13366,1683140,794
Illinois,17,1979,102227,11440371,894
Illinois,17,1980,102935,11448136,899
Illinois,17,1981,101819,11455471,889
Illinois,17,1982,100501,11432454,879
Illinois,17,1983,102438,11411820,898
Illinois,17,1984,100911,11415352,884
Illinois,17,1985,102279,11405963,897
Illinois,17,1986,103371,11390893,908
Illinois,17,1987,102314,11400420,898
Illinois,17,1988,105250,11404558,923
Illinois,17,1989,103366,11428341,905
Illinois,17,1990,103006,11443138,900
Illinois,17,1991,104123,11576175,900
Illinois,17,1992,102118,11698413,873
Illinois,17,1993,107193,11816159,907
Illinois,17,1994,107344,11919512,901
Illinois,17,1995,108469,12014530,903
Illinois,17,1996,106092,12109540,876
Illinois,17,1997,102914,12192249,844
Illinois,17,1998,104480,12281911,851
Illinois,17,1999,108436,12359020,877
Illinois,17,2000,106634,12419293,859
Illinois,17,2001,105430,12488445,844
Illinois,17,2002,106667,12525556,852
Illinois,17,2003,105325,12556006,839
Illinois,17,2004,102670,12589773,816
Illinois,17,2005,103974,12609903,825
Illinois,17,2006,102171,12643955,808
Illinois,17,2007,100503,12695866,792
Illinois,17,2008,103471,12747038,812
Illinois,17,2009,100056,12796778,782
Illinois,17,2010,99931,12830632,779
Illinois,17,2011,101906,12860012,792
Illinois,17,2012,102433,12870798,796
Illinois,17,2013,103401,12879505,803
Illinois,17,2014,105293,12867544,818
Illinois,17,2015,106872,12839047,832
Illinois,17,2016,107020,12801539,836
Indiana,18,1979,46731,5479304,853
Indiana,18,1980,47345,5494918,862
Indiana,18,1981,47309,5480835,863
Indiana,18,1982,46630,5468160,853
Indiana,18,1983,47747,5448436,876
Indiana,18,1984,47449,5456941,870
Indiana,18,1985,48195,5460017,883
Indiana,18,1986,49366,5454341,905
Indiana,18,1987,48906,5472984,894
Indiana,18,1988,50037,5494747,911
Indiana,18,1989,49094,5527092,888
Indiana,18,1990,49569,5546819,894
Indiana,18,1991,50148,5619615,892
Indiana,18,1992,49964,5675757,880
Indiana,18,1993,52311,5741125,911
Indiana,18,1994,52454,5794799,905
Indiana,18,1995,53287,5852819,911
Indiana,18,1996,52969,5908417,897
Indiana,18,1997,53130,5956292,892
Indiana,18,1998,53477,6001025,891
Indiana,18,1999,55303,6044969,915
Indiana,18,2000,55469,6080485,912
Indiana,18,2001,55198,6127760,901
Indiana,18,2002,55396,6155967,900
Indiana,18,2003,55968,6196638,903
Indiana,18,2004,54211,6233007,870
Indiana,18,2005,55675,6278616,887
Indiana,18,2006,55622,6332669,878
Indiana,18,2007,54000,6379599,846
Indiana,18,2008,56752,6424806,883
Indiana,18,2009,55973,6459325,867
Indiana,18,2010,56743,6483802,875
Indiana,18,2011,58202,6516480,893
Indiana,18,2012,59332,6537743,908
Indiana,18,2013,60716,6569102,924
Indiana,18,2014,60940,6595233,924
Indiana,18,2015,62713,6612768,948
Indiana,18,2016,63473,6633053,957
Iowa,19,1979,26849,2919960,920
Iowa,19,1980,27120,2917312,930
Iowa,19,1981,26949,2908684,927
Iowa,19,1982,26890,2887872,931
Iowa,19,1983,27528,2869260,959
Iowa,19,1984,27020,2857249,946
Iowa,19,1985,27834,2828452,984
Iowa,19,1986,27066,2789767,970
Iowa,19,1987,27234,2765297,985
Iowa,19,1988,27869,2767561,1007
Iowa,19,1989,27195,2770681,982
Iowa,19,1990,26884,2776587,968
Iowa,19,1991,27353,2798656,977
Iowa,19,1992,26593,2819049,943
Iowa,19,1993,27973,2837695,986
Iowa,19,1994,27702,2851451,972
Iowa,19,1995,28021,2868091,977
Iowa,19,1996,27840,2880950,966
Iowa,19,1997,27694,2891288,958
Iowa,19,1998,28362,2903589,977
Iowa,19,1999,28411,2917634,974
Iowa,19,2000,28060,2926324,959
Iowa,19,2001,27791,2931997,948
Iowa,19,2002,27978,2934234,954
Iowa,19,2003,28062,2941999,954
Iowa,19,2004,26897,2953635,911
Iowa,19,2005,27811,2964454,938
Iowa,19,2006,27362,2982644,917
Iowa,19,2007,27221,2999212,908
Iowa,19,2008,28541,3016734,946
Iowa,19,2009,27544,3032870,908
Iowa,19,2010,27745,3046355,911
Iowa,19,2011,28184,3065223,920
Iowa,19,2012,28389,3076310,923
Iowa,19,2013,28948,3091930,936
Iowa,19,2014,29190,3108030,939
Iowa,19,2015,29600,3121997,948
Iowa,19,2016,29538,3134693,942
Kansas,20,1979,21150,2351528,899
Kansas,20,1980,22034,2368222,930
Kansas,20,1981,21701,2388484,909
Kansas,20,1982,21804,2403605,907
Kansas,20,1983,21931,2416834,907
Kansas,20,1984,22307,2424856,920
Kansas,20,1985,22057,2427892,909
Kansas,20,1986,22298,2433204,916
Kansas,20,1987,22113,2445357,904
Kansas,20,1988,22992,2462513,934
Kansas,20,1989,22287,2473223,901
Kansas,20,1990,22279,2477805,899
Kansas,20,1991,22505,2499627,900
Kansas,20,1992,22185,2533409,876
Kansas,20,1993,23631,2557596,924
Kansas,20,1994,23338,2581640,904
Kansas,20,1995,23935,2602226,920
Kansas,20,1996,23902,2615563,914
Kansas,20,1997,23750,2636018,901
Kansas,20,1998,24057,2661727,904
Kansas,20,1999,24472,2678338,914
Kansas,20,2000,24717,2688418,919
Kansas,20,2001,24647,2702162,912
Kansas,20,2002,25021,2713535,922
Kansas,20,2003,24593,2723004,903
Kansas,20,2004,23818,2734373,871
Kansas,20,2005,24682,2745299,899
Kansas,20,2006,24553,2762931,889
Kansas,20,2007,24491,2783785,880
Kansas,20,2008,24975,2808076,889
Kansas,20,2009,24024,2832704,848
Kansas,20,2010,24502,2853118,859
Kansas,20,2011,25116,2869503,875
Kansas,20,2012,25145,2885262,872
Kansas,20,2013,25414,2892821,879
Kansas,20,2014,25793,2899360,890
Kansas,20,2015,26664,2906721,917
Kansas,20,2016,26245,2907289,903
Kentucky,21,1979,32482,3646979,891
Kentucky,21,1980,33796,3663841,922
Kentucky,21,1981,33283,3670577,907
Kentucky,21,1982,32990,3683426,896
Kentucky,21,1983,34224,3692888,927
Kentucky,21,1984,33631,3693321,911
Kentucky,21,1985,34865,3693608,944
Kentucky,21,1986,34818,3686796,944
Kentucky,21,1987,34598,3683045,939
Kentucky,21,1988,35616,3680399,968
Kentucky,21,1989,35398,3680272,962
Kentucky,21,1990,35078,3687389,951
Kentucky,21,1991,35346,3724483,949
Kentucky,21,1992,35033,3766660,930
Kentucky,21,1993,36869,3813296,967
Kentucky,21,1994,37156,3850039,965
Kentucky,21,1995,37201,3887959,957
Kentucky,21,1996,37272,3920721,951
Kentucky,21,1997,37998,3953242,961
Kentucky,21,1998,37832,3987167,949
Kentucky,21,1999,39321,4018053,979
Kentucky,21,2000,39504,4041769,977
Kentucky,21,2001,39861,4068132,980
Kentucky,21,2002,40697,4089875,995
Kentucky,21,2003,40241,4117170,977
Kentucky,21,2004,38646,4146101,932
Kentucky,21,2005,40223,4182742,962
Kentucky,21,2006,40102,4219239,951
Kentucky,21,2007,40090,4256672,942
Kentucky,21,2008,41329,4289878,963
Kentucky,21,2009,41380,4317074,959
Kentucky,21,2010,41983,4339367,968
Kentucky,21,2011,42626,4369354,976
Kentucky,21,2012,43664,4384799,996
Kentucky,21,2013,43759,4400477,994
Kentucky,21,2014,44838,4413057,1016
Kentucky,21,2015,46564,4424611,1052
Kentucky,21,2016,47827,4436974,1078
Louisiana,22,1979,34771,4148645,838
Louisiana,22,1980,35651,4215763,846
Louisiana,22,1981,36024,4290182,840
Louisiana,22,1982,35776,4359915,821
Louisiana,22,1983,36409,4398962,828
Louisiana,22,1984,35741,4402961,812
Louisiana,22,1985,37029,4410832,840
Louisiana,22,1986,36373,4407247,825
Louisiana,22,1987,36443,4343172,839
Louisiana,22,1988,37601,4290471,876
Louisiana,22,1989,37665,4255514,885
Louisiana,22,1990,37571,4222456,890
Louisiana,22,1991,38283,4256824,899
Louisiana,22,1992,37642,4294771,877
Louisiana,22,1993,39593,4319122,917
Louisiana,22,1994,39017,4349878,897
Louisiana,22,1995,39705,4380949,906
Louisiana,22,1996,39586,4401947,899
Louisiana,22,1997,40006,4424355,904
Louisiana,22,1998,40337,4443537,908
Louisiana,22,1999,41238,4460811,925
Louisiana,22,2000,41138,4468976,921
Louisiana,22,2001,41757,4477875,933
Louisiana,22,2002,41984,4497267,934
Louisiana,22,2003,42719,4521042,945
Louisiana,22,2004,42215,4552238,927
Louisiana,22,2005,44355,4576628,969
Louisiana,22,2006,40045,4302665,931
Louisiana,22,2007,39966,4375581,913
Louisiana,22,2008,41220,4435586,929
Louisiana,22,2009,40282,4491648,897
Louisiana,22,2010,40667,4533372,897
Louisiana,22,2011,40890,4575404,894
Louisiana,22,2012,42320,4603429,919
Louisiana,22,2013,43270,4626402,935
Louisiana,22,2014,43869,4647880,944
Louisiana,22,2015,43716,4668960,936
Louisiana,22,2016,44306,4681666,946
Maine,23,1979,10296,1125556,915
Maine,23,1980,10800,1125413,960
Maine,23,1981,10387,1133551,916
Maine,23,1982,10472,1137158,921
Maine,23,1983,10929,1145063,954
Maine,23,1984,10873,1155952,941
Maine,23,1985,11420,1163300,982
Maine,23,1986,11237,1170191,960
Maine,23,1987,11282,1184645,952
Maine,23,1988,11519,1204034,957
Maine,23,1989,11185,1220123,917
Maine,23,1990,11106,1227806,905
Maine,23,1991,11226,1237484,907
Maine,23,1992,11158,1238753,901
Maine,23,1993,11695,1242424,941
Maine,23,1994,11674,1242842,939
Maine,23,1995,11754,1243566,945
Maine,23,1996,11741,1249196,940
Maine,23,1997,11993,1254858,956
Maine,23,1998,12135,1259375,964
Maine,23,1999,12261,1266808,968
Maine,23,2000,12354,1274923,969
Maine,23,2001,12421,1285692,966
Maine,23,2002,12694,1295960,980
Maine,23,2003,12540,1306513,960
Maine,23,2004,12443,1313688,947
Maine,23,2005,12868,1318787,976
Maine,23,2006,12294,1323619,929
Maine,23,2007,12493,1327040,941
Maine,23,2008,12541,1330509,943
Maine,23,2009,12594,1329590,947
Maine,23,2010,12750,1328361,960
Maine,23,2011,13001,1328231,979
Maine,23,2012,12870,1328895,969
Maine,23,2013,13547,1329076,1019
Maine,23,2014,13510,1330719,1015
Maine,23,2015,14479,1329453,1089
Maine,23,2016,14182,1331479,1065
Maryland,24,1979,32747,4227079,775
Maryland,24,1980,34016,4222450,806
Maryland,24,1981,33949,4266825,796
Maryland,24,1982,34098,4288914,795
Maryland,24,1983,35056,4317920,812
Maryland,24,1984,35466,4369622,812
Maryland,24,1985,36620,4418431,829
Maryland,24,1986,37358,4491956,832
Maryland,24,1987,38034,4571635,832
Maryland,24,1988,38655,4664719,829
Maryland,24,1989,38353,4734189,810
Maryland,24,1990,38413,4784119,803
Maryland,24,1991,38427,4868547,789
Maryland,24,1992,38891,4924464,790
Maryland,24,1993,40373,4972392,812
Maryland,24,1994,41036,5023845,817
Maryland,24,1995,41842,5070237,825
Maryland,24,1996,41955,5113159,821
Maryland,24,1997,41794,5156659,811
Maryland,24,1998,42059,5205894,808
Maryland,24,1999,43089,5254509,820
Maryland,24,2000,43753,5296486,826
Maryland,24,2001,43839,5374691,816
Maryland,24,2002,43970,5440389,808
Maryland,24,2003,44499,5496269,810
Maryland,24,2004,43232,5546935,779
Maryland,24,2005,43892,5592379,785
Maryland,24,2006,43582,5627367,775
Maryland,24,2007,43757,5653408,774
Maryland,24,2008,43892,5684965,772
Maryland,24,2009,43843,5730388,765
Maryland,24,2010,43325,5773552,750
Maryland,24,2011,43745,5843603,749
Maryland,24,2012,44477,5889651,755
Maryland,24,2013,45689,5931129,770
Maryland,24,2014,45867,5967295,769
Maryland,24,2015,47247,5994983,788
Maryland,24,2016,48824,6016447,812
Massachusetts,25,1979,52028,5748843,905
Massachusetts,25,1980,55070,5742222,959
Massachusetts,25,1981,52982,5773757,918
Massachusetts,25,1982,52946,5777189,917
Massachusetts,25,1983,54291,5804093,935
Massachusetts,25,1984,55332,5846449,946
Massachusetts,25,1985,55593,5888059,944
Massachusetts,25,1986,55803,5908572,944
Massachusetts,25,1987,55599,5941484,936
Massachusetts,25,1988,56483,5988121,943
Massachusetts,25,1989,53922,6024327,895
Massachusetts,25,1990,53179,6018936,884
Massachusetts,25,1991,53075,6019893,882
Massachusetts,25,1992,53878,6030816,893
Massachusetts,25,1993,55634,6061991,918
Massachusetts,25,1994,54947,6096823,901
Massachusetts,25,1995,55476,6141664,903
Massachusetts,25,1996,55331,6180890,895
Massachusetts,25,1997,54685,6227915,878
Massachusetts,25,1998,55237,6275021,880
Massachusetts,25,1999,55840,6317345,884
Massachusetts,25,2000,56681,6349097,893
Massachusetts,25,2001,56754,6397634,887
Massachusetts,25,2002,56928,6417206,887
Massachusetts,25,2003,56291,6422565,877
Massachusetts,25,2004,54511,6412281,850
Massachusetts,25,2005,53874,6403290,841
Massachusetts,25,2006,53450,6410084,834
Massachusetts,25,2007,52917,6431559,823
Massachusetts,25,2008,53518,6468967,827
Massachusetts,25,2009,52308,6517613,803
Massachusetts,25,2010,52583,6547629,803
Massachusetts,25,2011,53710,6611923,812
Massachusetts,25,2012,53177,6658008,799
Massachusetts,25,2013,54567,6706786,814
Massachusetts,25,2014,55200,6749911,818
Massachusetts,25,2015,57806,6784240,852
Massachusetts,25,2016,56961,6811779,836
Michigan,26,1979,73701,9257009,796
Michigan,26,1980,75187,9270570,811
Michigan,26,1981,75842,9211052,823
Michigan,26,1982,75694,9116004,830
Michigan,26,1983,76684,9044768,848
Michigan,26,1984,76588,9051129,846
Michigan,26,1985,78722,9080608,867
Michigan,26,1986,80222,9131461,879
Michigan,26,1987,79622,9192919,866
Michigan,26,1988,80147,9220559,869
Michigan,26,1989,78861,9261707,852
Michigan,26,1990,78744,9297733,847
Michigan,26,1991,79980,9405654,850
Michigan,26,1992,79079,9481313,834
Michigan,26,1993,82570,9542498,865
Michigan,26,1994,82943,9601374,864
Michigan,26,1995,83661,9678159,864
Michigan,26,1996,83622,9761416,857
Michigan,26,1997,83301,9811768,849
Michigan,26,1998,85160,9851606,864
Michigan,26,1999,87232,9897116,881
Michigan,26,2000,86953,9938444,875
Michigan,26,2001,86424,9991120,865
Michigan,26,2002,87795,10015710,877
Michigan,26,2003,86728,10041152,864
Michigan,26,2004,85169,10055315,847
Michigan,26,2005,86867,10051137,864
Michigan,26,2006,86042,10036081,857
Michigan,26,2007,86721,10001284,867
Michigan,26,2008,88445,9946889,889
Michigan,26,2009,86455,9901591,873
Michigan,26,2010,88021,9883640,891
Michigan,26,2011,89508,9876213,906
Michigan,26,2012,89901,9887238,909
Michigan,26,2013,92408,9898982,934
Michigan,26,2014,93914,9915767,947
Michigan,26,2015,95140,9917715,959
Michigan,26,2016,96231,9928300,969
Minnesota,27,1979,32089,4043445,794
Minnesota,27,1980,33366,4082304,817
Minnesota,27,1981,32837,4116561,798
Minnesota,27,1982,32978,4134565,798
Minnesota,27,1983,33937,4140847,820
Minnesota,27,1984,33766,4158462,812
Minnesota,27,1985,34801,4185589,831
Minnesota,27,1986,35082,4205059,834
Minnesota,27,1987,34524,4234621,815
Minnesota,27,1988,35447,4296514,825
Minnesota,27,1989,34307,4338139,791
Minnesota,27,1990,34776,4374144,795
Minnesota,27,1991,35309,4442550,795
Minnesota,27,1992,35037,4496148,779
Minnesota,27,1993,36450,4556938,800
Minnesota,27,1994,36539,4611776,792
Minnesota,27,1995,37507,4661111,805
Minnesota,27,1996,37184,4713977,789
Minnesota,27,1997,36913,4764459,775
Minnesota,27,1998,37195,4815103,773
Minnesota,27,1999,38537,4873481,791
Minnesota,27,2000,37690,4919479,766
Minnesota,27,2001,37735,4982796,757
Minnesota,27,2002,38510,5018935,767
Minnesota,27,2003,37620,5053572,744
Minnesota,27,2004,37034,5087713,728
Minnesota,27,2005,37535,5119598,733
Minnesota,27,2006,37028,5163555,717
Minnesota,27,2007,37138,5207203,713
Minnesota,27,2008,38499,5247018,734
Minnesota,27,2009,37851,5281203,717
Minnesota,27,2010,38972,5303925,735
Minnesota,27,2011,39820,5348562,745
Minnesota,27,2012,40016,5380285,744
Minnesota,27,2013,40987,5418521,756
Minnesota,27,2014,41445,5453109,760
Minnesota,27,2015,42800,5482435,781
Minnesota,27,2016,43078,5519952,780
Mississippi,28,1979,22985,2511256,915
Mississippi,28,1980,23656,2525447,937
Mississippi,28,1981,23460,2541298,923
Mississippi,28,1982,23283,2558332,910
Mississippi,28,1983,23942,2567091,933
Mississippi,28,1984,23939,2577540,929
Mississippi,28,1985,24691,2587595,954
Mississippi,28,1986,24429,2592534,942
Mississippi,28,1987,24634,2588225,952
Mississippi,28,1988,24834,2581921,962
Mississippi,28,1989,25386,2577300,985
Mississippi,28,1990,25127,2575063,976
Mississippi,28,1991,25664,2601024,987
Mississippi,28,1992,25259,2624678,962
Mississippi,28,1993,26399,2656371,994
Mississippi,28,1994,26778,2690511,995
Mississippi,28,1995,27026,2724100,992
Mississippi,28,1996,26682,2749883,970
Mississippi,28,1997,27503,2778557,990
Mississippi,28,1998,27847,2807091,992
Mississippi,28,1999,28185,2828408,997
Mississippi,28,2000,28654,2844658,1007
Mississippi,28,2001,28259,2852994,991
Mississippi,28,2002,28853,2858681,1009
Mississippi,28,2003,28489,2868312,993
Mississippi,28,2004,27871,2889010,965
Mississippi,28,2005,29196,2905943,1005
Mississippi,28,2006,28564,2904978,983
Mississippi,28,2007,28255,2928350,965
Mississippi,28,2008,28984,2947806,983
Mississippi,28,2009,28275,2958774,956
Mississippi,28,2010,28965,2967297,976
Mississippi,28,2011,29278,2978162,983
Mississippi,28,2012,29544,2984945,990
Mississippi,28,2013,30703,2990482,1027
Mississippi,28,2014,30557,2992400,1021
Mississippi,28,2015,31783,2989390,1063
Mississippi,28,2016,31741,2988726,1062
Missouri,29,1979,48002,4896275,980
Missouri,29,1980,49660,4924814,1008
Missouri,29,1981,48848,4936035,990
Missouri,29,1982,48277,4932516,979
Missouri,29,1983,49525,4945152,1002
Missouri,29,1984,49131,4975430,988
Missouri,29,1985,50368,5002627,1007
Missouri,29,1986,50180,5023917,999
Missouri,29,1987,50695,5057592,1002
Missouri,29,1988,50840,5084041,1000
Missouri,29,1989,50426,5099228,989
Missouri,29,1990,50377,5119810,984
Missouri,29,1991,50885,5173480,984
Missouri,29,1992,50988,5218259,977
Missouri,29,1993,53746,5273201,1019
Missouri,29,1994,53785,5326464,1010
Missouri,29,1995,54402,5379909,1011
Missouri,29,1996,53910,5434012,992
Missouri,29,1997,54322,5483268,991
Missouri,29,1998,55070,5524750,997
Missouri,29,1999,55931,5561948,1006
Missouri,29,2000,54865,5595211,981
Missouri,29,2001,54982,5641142,975
Missouri,29,2002,55940,5674825,986
Missouri,29,2003,55582,5709403,974
Missouri,29,2004,53950,5747741,939
Missouri,29,2005,54656,5790300,944
Missouri,29,2006,54681,5842704,936
Missouri,29,2007,54166,5887612,920
Missouri,29,2008,56578,5923916,955
Missouri,29,2009,54263,5961088,910
Missouri,29,2010,55281,5988927,923
Missouri,29,2011,55848,6010717,929
Missouri,29,2012,56094,6025415,931
Missouri,29,2013,57444,6042711,951
Missouri,29,2014,58320,6060930,962
Missouri,29,2015,59871,6076204,985
Missouri,29,2016,59873,6093000,983
Montana,30,1979,6476,790598,819
Montana,30,1980,6666,788004,846
Montana,30,1981,6729,796224,845
Montana,30,1982,6631,804762,824
Montana,30,1983,6713,813994,825
Montana,30,1984,6711,820809,818
Montana,30,1985,6724,821606,818
Montana,30,1986,6754,812728,831
Montana,30,1987,6613,804102,822
Montana,30,1988,6781,799194,849
Montana,30,1989,6755,799006,845
Montana,30,1990,6861,798774,859
Montana,30,1991,7014,809934,866
Montana,30,1992,7068,825876,856
Montana,30,1993,7472,844978,884
Montana,30,1994,7362,861438,855
Montana,30,1995,7629,876886,870
Montana,30,1996,7707,886342,870
Montana,30,1997,7769,890120,873
Montana,30,1998,7981,892677,894
Montana,30,1999,8128,897507,906
Montana,30,2000,8096,902195,897
Montana,30,2001,8265,906961,911
Montana,30,2002,8506,911667,933
Montana,30,2003,8467,919630,921
Montana,30,2004,8094,930009,870
Montana,30,2005,8528,940102,907
Montana,30,2006,8472,952692,889
Montana,30,2007,8624,964706,894
Montana,30,2008,8913,976415,913
Montana,30,2009,8730,983982,887
Montana,30,2010,8827,989415,892
Montana,30,2011,9115,997821,914
Montana,30,2012,8976,1005196,893
Montana,30,2013,9511,1014314,938
Montana,30,2014,9381,1022867,917
Montana,30,2015,9942,1032073,963
Montana,30,2016,9905,1042520,950
Nebraska,31,1979,14247,1566773,909
Nebraska,31,1980,14474,1572604,920
Nebraska,31,1981,14616,1580405,925
Nebraska,31,1982,14577,1583033,921
Nebraska,31,1983,14718,1584550,929
Nebraska,31,1984,14673,1588722,924
Nebraska,31,1985,14903,1584368,941
Nebraska,31,1986,14678,1573401,933
Nebraska,31,1987,14827,1565620,947
Nebraska,31,1988,14872,1570938,947
Nebraska,31,1989,14800,1574764,940
Nebraska,31,1990,14769,1578064,936
Nebraska,31,1991,14725,1596681,922
Nebraska,31,1992,14644,1612239,908
Nebraska,31,1993,15026,1626390,924
Nebraska,31,1994,15011,1639753,915
Nebraska,31,1995,15267,1657690,921
Nebraska,31,1996,15484,1674423,925
Nebraska,31,1997,15282,1686860,906
Nebraska,31,1998,15198,1696464,896
Nebraska,31,1999,15579,1704764,914
Nebraska,31,2000,14992,1711263,876
Nebraska,31,2001,15174,1719836,882
Nebraska,31,2002,15738,1728292,911
Nebraska,31,2003,15465,1738643,890
Nebraska,31,2004,14657,1749370,838
Nebraska,31,2005,14963,1761497,849
Nebraska,31,2006,14899,1772693,841
Nebraska,31,2007,15263,1783440,856
Nebraska,31,2008,15461,1796378,861
Nebraska,31,2009,14810,1812683,817
Nebraska,31,2010,15171,1826341,831
Nebraska,31,2011,15476,1842283,840
Nebraska,31,2012,15659,1855725,844
Nebraska,31,2013,15754,1868559,843
Nebraska,31,2014,15978,1881145,849
Nebraska,31,2015,16740,1893765,884
Nebraska,31,2016,16217,1907116,850
Nevada,32,1979,5388,766883,703
Nevada,32,1980,5896,802587,735
Nevada,32,1981,5884,849258,693
Nevada,32,1982,6368,882729,721
Nevada,32,1983,6378,902325,707
Nevada,32,1984,6755,925490,730
Nevada,32,1985,7236,951751,760
Nevada,32,1986,7410,981594,755
Nevada,32,1987,7884,1024508,770
Nevada,32,1988,8474,1076531,787
Nevada,32,1989,8649,1139274,759
Nevada,32,1990,9318,1202941,775
Nevada,32,1991,9963,1296406,769
Nevada,32,1992,10277,1352217,760
Nevada,32,1993,11173,1411562,792
Nevada,32,1994,11913,1499740,794
Nevada,32,1995,12526,1581963,792
Nevada,32,1996,13185,1666989,791
Nevada,32,1997,13380,1764495,758
Nevada,32,1998,14464,1854096,780
Nevada,32,1999,15082,1934718,780
Nevada,32,2000,15261,1998257,764
Nevada,32,2001,16285,2098399,776
Nevada,32,2002,16927,2173791,779
Nevada,32,2003,17858,2248850,794
Nevada,32,2004,17929,2346222,764
Nevada,32,2005,19029,2432143,782
Nevada,32,2006,18872,2522658,748
Nevada,32,2007,18687,2601072,718
Nevada,32,2008,19335,2653630,729
Nevada,32,2009,19224,2684665,716
Nevada,32,2010,19623,2700551,727
Nevada,32,2011,20343,2718379,748
Nevada,32,2012,20785,2752565,755
Nevada,32,2013,21468,2786464,770
Nevada,32,2014,21793,2833013,769
Nevada,32,2015,22879,2883758,793
Nevada,32,2016,23902,2940058,813
New Hampshire,33,1979,7460,912305,818
New Hampshire,33,1980,7647,921857,830
New Hampshire,33,1981,7701,937237,822
New Hampshire,33,1982,7616,948559,803
New Hampshire,33,1983,7973,958516,832
New Hampshire,33,1984,8039,977486,822
New Hampshire,33,1985,8483,998254,850
New Hampshire,33,1986,8592,1026391,837
New Hampshire,33,1987,8417,1056137,797
New Hampshire,33,1988,8770,1083938,809
New Hampshire,33,1989,8472,1105559,766
New Hampshire,33,1990,8488,1109074,765
New Hampshire,33,1991,8413,1110160,758
New Hampshire,33,1992,8545,1117966,764
New Hampshire,33,1993,8856,1129567,784
New Hampshire,33,1994,8920,1142653,781
New Hampshire,33,1995,9227,1157515,797
New Hampshire,33,1996,9395,1174827,800
New Hampshire,33,1997,9458,1189380,795
New Hampshire,33,1998,9495,1206114,787
New Hampshire,33,1999,9537,1222014,780
New Hampshire,33,2000,9697,1235786,785
New Hampshire,33,2001,9815,1255517,782
New Hampshire,33,2002,9853,1269089,776
New Hampshire,33,2003,9708,1279840,759
New Hampshire,33,2004,10111,1290121,784
New Hampshire,33,2005,10194,1298492,785
New Hampshire,33,2006,10060,1308389,769
New Hampshire,33,2007,10303,1312540,785
New Hampshire,33,2008,10268,1315906,780
New Hampshire,33,2009,10100,1316102,767
New Hampshire,33,2010,10201,1316470,775
New Hampshire,33,2011,10823,1318473,821
New Hampshire,33,2012,10730,1321182,812
New Hampshire,33,2013,10897,1322687,824
New Hampshire,33,2014,11516,1328743,867
New Hampshire,33,2015,11984,1330111,901
New Hampshire,33,2016,12203,1334795,914
New Jersey,34,1979,65745,7376891,891
New Jersey,34,1980,68943,7369031,936
New Jersey,34,1981,67280,7410794,908
New Jersey,34,1982,67621,7436116,909
New Jersey,34,1983,69289,7472553,927
New Jersey,34,1984,69437,7521394,923
New Jersey,34,1985,71128,7574114,939
New Jersey,34,1986,71655,7631703,939
New Jersey,34,1987,72181,7682247,940
New Jersey,34,1988,73413,7725411,950
New Jersey,34,1989,71455,7740291,923
New Jersey,34,1990,70383,7735834,910
New Jersey,34,1991,70492,7817415,902
New Jersey,34,1992,70868,7882245,899
New Jersey,34,1993,72705,7950885,914
New Jersey,34,1994,72305,8017412,902
New Jersey,34,1995,74087,8085139,916
New Jersey,34,1996,73205,8153445,898
New Jersey,34,1997,72137,8222708,877
New Jersey,34,1998,71611,8293003,864
New Jersey,34,1999,73981,8359592,885
New Jersey,34,2000,74800,8414350,889
New Jersey,34,2001,74710,8492671,880
New Jersey,34,2002,74009,8552643,865
New Jersey,34,2003,73689,8601402,857
New Jersey,34,2004,71371,8634561,827
New Jersey,34,2005,71963,8651974,832
New Jersey,34,2006,70356,8661679,812
New Jersey,34,2007,69662,8677885,803
New Jersey,34,2008,70026,8711090,804
New Jersey,34,2009,68277,8755602,780
New Jersey,34,2010,69495,8791894,790
New Jersey,34,2011,70558,8841243,798
New Jersey,34,2012,70534,8873211,795
New Jersey,34,2013,71403,8899162,802
New Jersey,34,2014,71316,8925001,799
New Jersey,34,2015,72271,8935421,809
New Jersey,34,2016,73155,8944469,818
New Mexico,35,1979,8722,1283865,679
New Mexico,35,1980,9093,1306062,696
New Mexico,35,1981,8678,1335253,650
New Mexico,35,1982,9248,1366486,677
New Mexico,35,1983,9205,1396135,659
New Mexico,35,1984,9562,1417741,675
New Mexico,35,1985,9763,1439684,678
New Mexico,35,1986,10114,1463653,691
New Mexico,35,1987,10344,1479456,699
New Mexico,35,1988,10425,1491143,699
New Mexico,35,1989,10572,1505199,702
New Mexico,35,1990,10625,1515717,701
New Mexico,35,1991,11270,1555923,724
New Mexico,35,1992,11176,1595850,700
New Mexico,35,1993,11731,1636911,717
New Mexico,35,1994,12129,1683067,721
New Mexico,35,1995,12545,1720613,729
New Mexico,35,1996,12481,1753127,712
New Mexico,35,1997,12653,1775156,713
New Mexico,35,1998,12907,1794370,719
New Mexico,35,1999,13676,1808082,756
New Mexico,35,2000,13425,1819046,738
New Mexico,35,2001,14129,1831690,771
New Mexico,35,2002,14344,1855309,773
New Mexico,35,2003,14805,1877574,789
New Mexico,35,2004,14298,1903808,751
New Mexico,35,2005,14983,1932274,775
New Mexico,35,2006,15296,1962137,780
New Mexico,35,2007,15482,1990070,778
New Mexico,35,2008,16005,2010662,796
New Mexico,35,2009,15643,2036802,768
New Mexico,35,2010,15931,2059179,774
New Mexico,35,2011,16452,2077756,792
New Mexico,35,2012,16710,2083784,802
New Mexico,35,2013,16805,2085193,806
New Mexico,35,2014,17579,2083024,844
New Mexico,35,2015,17685,2080328,850
New Mexico,35,2016,18365,2081015,883
New York,36,1979,164508,17642635,932
New York,36,1980,172853,17569902,984
New York,36,1981,168184,17580612,957
New York,36,1982,167405,17606044,951
New York,36,1983,169885,17700795,960
New York,36,1984,170762,17760104,962
New York,36,1985,172117,17812033,966
New York,36,1986,173540,17855619,972
New York,36,1987,173567,17896387,970
New York,36,1988,176315,17973645,981
New York,36,1989,171679,18020427,953
New York,36,1990,168936,18010739,938
New York,36,1991,167549,18130655,924
New York,36,1992,166333,18252611,911
New York,36,1993,171232,18382546,932
New York,36,1994,168764,18469421,914
New York,36,1995,168382,18534018,909
New York,36,1996,164395,18601063,884
New York,36,1997,158653,18668538,850
New York,36,1998,156619,18772357,834
New York,36,1999,159927,18882725,847
New York,36,2000,158203,18976457,834
New York,36,2001,159240,19082838,835
New York,36,2002,158118,19137800,826
New York,36,2003,155877,19175939,813
New York,36,2004,152681,19171567,796
New York,36,2005,152427,19132610,797
New York,36,2006,148806,19104631,779
New York,36,2007,147680,19132335,772
New York,36,2008,148698,19212436,774
New York,36,2009,146475,19307066,759
New York,36,2010,146432,19378102,756
New York,36,2011,149174,19519529,764
New York,36,2012,148991,19602769,760
New York,36,2013,150919,19673546,767
New York,36,2014,149944,19718515,760
New York,36,2015,153628,19747183,778
New York,36,2016,154358,19745289,782
North Carolina,37,1979,46675,5805293,804
North Carolina,37,1980,48440,5885456,823
North Carolina,37,1981,49236,5958396,826
North Carolina,37,1982,48551,6022244,806
North Carolina,37,1983,50208,6077569,826
North Carolina,37,1984,51046,6166516,828
North Carolina,37,1985,52988,6258979,847
North Carolina,37,1986,54609,6326197,863
North Carolina,37,1987,55316,6410298,863
North Carolina,37,1988,57641,6489369,888
North Carolina,37,1989,57477,6575819,874
North Carolina,37,1990,57315,6633506,864
North Carolina,37,1991,58880,6786010,868
North Carolina,37,1992,59611,6900726,864
North Carolina,37,1993,62486,7045119,887
North Carolina,37,1994,63240,7190261,880
North Carolina,37,1995,64918,7347430,884
North Carolina,37,1996,66293,7505290,883
North Carolina,37,1997,66022,7660857,862
North Carolina,37,1998,67993,7814558,870
North Carolina,37,1999,69600,7949361,876
North Carolina,37,2000,71935,8049313,894
North Carolina,37,2001,70934,8210122,864
North Carolina,37,2002,72027,8326201,865
North Carolina,37,2003,73459,8422501,872
North Carolina,37,2004,72384,8553152,846
North Carolina,37,2005,74638,8705407,857
North Carolina,37,2006,74716,8917270,838
North Carolina,37,2007,76046,9118037,834
North Carolina,37,2008,77283,9309449,830
North Carolina,37,2009,77117,9449566,816
North Carolina,37,2010,78773,9535483,826
North Carolina,37,2011,79882,9650963,828
North Carolina,37,2012,81925,9746175,841
North Carolina,37,2013,83329,9841590,847
North Carolina,37,2014,85367,9934399,859
North Carolina,37,2015,89133,10035186,888
North Carolina,37,2016,90465,10146788,892
North Dakota,38,1979,5361,653417,821
North Dakota,38,1980,5596,653755,856
North Dakota,38,1981,5452,660558,825
North Dakota,38,1982,5390,669903,805
North Dakota,38,1983,5576,677113,824
North Dakota,38,1984,5546,680312,815
North Dakota,38,1985,5628,676853,832
North Dakota,38,1986,5289,668770,791
North Dakota,38,1987,5483,660408,830
North Dakota,38,1988,5664,654883,865
North Dakota,38,1989,5510,645879,853
North Dakota,38,1990,5678,638325,890
North Dakota,38,1991,5576,636172,877
North Dakota,38,1992,5697,638575,892
North Dakota,38,1993,5825,641483,908
North Dakota,38,1994,5895,645004,914
North Dakota,38,1995,5975,648019,922
North Dakota,38,1996,6011,650563,924
North Dakota,38,1997,5893,649952,907
North Dakota,38,1998,5920,647619,914
North Dakota,38,1999,6103,644259,947
North Dakota,38,2000,5856,642200,912
North Dakota,38,2001,6048,639062,946
North Dakota,38,2002,5892,638168,923
North Dakota,38,2003,6090,638817,953
North Dakota,38,2004,5601,644705,869
North Dakota,38,2005,5744,646089,889
North Dakota,38,2006,5868,649422,904
North Dakota,38,2007,5561,652822,852
North Dakota,38,2008,5871,657569,893
North Dakota,38,2009,5914,664968,889
North Dakota,38,2010,5944,672591,884
North Dakota,38,2011,5965,685476,870
North Dakota,38,2012,6038,702087,860
North Dakota,38,2013,6233,724019,861
North Dakota,38,2014,6184,739904,836
North Dakota,38,2015,6223,756835,822
North Dakota,38,2016,6242,757952,824
Ohio,39,1979,94946,10809033,878
Ohio,39,1980,98421,10809348,911
Ohio,39,1981,96487,10795737,894
Ohio,39,1982,94473,10761581,878
Ohio,39,1983,97551,10735643,909
Ohio,39,1984,96996,10736395,903
Ohio,39,1985,98941,10736928,922
Ohio,39,1986,99716,10731362,929
Ohio,39,1987,99240,10761881,922
Ohio,39,1988,100127,10802549,927
Ohio,39,1989,98375,10834811,908
Ohio,39,1990,98822,10850094,911
Ohio,39,1991,100190,10951104,915
Ohio,39,1992,99120,11031225,899
Ohio,39,1993,102696,11103679,925
Ohio,39,1994,103262,11154945,926
Ohio,39,1995,105940,11205299,945
Ohio,39,1996,105202,11244913,936
Ohio,39,1997,105345,11279094,934
Ohio,39,1998,105891,11315474,936
Ohio,39,1999,108517,11335454,957
Ohio,39,2000,108125,11353140,952
Ohio,39,2001,108027,11387404,949
Ohio,39,2002,109766,11407889,962
Ohio,39,2003,109110,11434788,954
Ohio,39,2004,106288,11452251,928
Ohio,39,2005,109031,11463320,951
Ohio,39,2006,106825,11481213,930
Ohio,39,2007,106534,11500468,926
Ohio,39,2008,109767,11515391,953
Ohio,39,2009,107156,11528896,930
Ohio,39,2010,108711,11536504,942
Ohio,39,2011,111427,11544824,965
Ohio,39,2012,112498,11550839,974
Ohio,39,2013,113258,11570022,979
Ohio,39,2014,114509,11594408,988
Ohio,39,2015,118188,11605090,1018
Ohio,39,2016,119572,11614373,1030
Oklahoma,40,1979,27841,2974068,936
Oklahoma,40,1980,28234,3030739,932
Oklahoma,40,1981,28617,3101005,923
Oklahoma,40,1982,29350,3213698,913
Oklahoma,40,1983,29438,3292987,894
Oklahoma,40,1984,29343,3285285,893
Oklahoma,40,1985,29782,3269949,911
Oklahoma,40,1986,29950,3249991,922
Oklahoma,40,1987,29290,3206611,913
Oklahoma,40,1988,30032,3165891,949
Oklahoma,40,1989,29816,3150823,946
Oklahoma,40,1990,30378,3146136,966
Oklahoma,40,1991,30275,3176556,953
Oklahoma,40,1992,30510,3221404,947
Oklahoma,40,1993,32422,3253331,997
Oklahoma,40,1994,32299,3282213,984
Oklahoma,40,1995,32853,3309855,993
Oklahoma,40,1996,33119,3341657,991
Oklahoma,40,1997,33944,3374534,1006
Oklahoma,40,1998,33929,3407252,996
Oklahoma,40,1999,34700,3437147,1010
Oklahoma,40,2000,35079,3450654,1017
Oklahoma,40,2001,34682,3467100,1000
Oklahoma,40,2002,35502,3489080,1018
Oklahoma,40,2003,35721,3504892,1019
Oklahoma,40,2004,34483,3525233,978
Oklahoma,40,2005,36180,3548597,1020
Oklahoma,40,2006,35427,3594090,986
Oklahoma,40,2007,36032,3634349,991
Oklahoma,40,2008,37014,3668976,1009
Oklahoma,40,2009,35601,3717572,958
Oklahoma,40,2010,36529,3751351,974
Oklahoma,40,2011,37175,3786274,982
Oklahoma,40,2012,36870,3817054,966
Oklahoma,40,2013,38384,3852415,996
Oklahoma,40,2014,38464,3877499,992
Oklahoma,40,2015,39422,3907414,1009
Oklahoma,40,2016,39276,3923561,1001
Oregon,41,1979,21056,2581971,816
Oregon,41,1980,21798,2636626,827
Oregon,41,1981,21843,2669849,818
Oregon,41,1982,21614,2664744,811
Oregon,41,1983,22462,2652041,847
Oregon,41,1984,23162,2665575,869
Oregon,41,1985,23896,2672205,894
Oregon,41,1986,23381,2683141,871
Oregon,41,1987,24265,2700862,898
Oregon,41,1988,24810,2742357,905
Oregon,41,1989,24918,2791767,893
Oregon,41,1990,25136,2843155,884
Oregon,41,1991,25015,2929085,854
Oregon,41,1992,25760,2992359,861
Oregon,41,1993,27602,3061333,902
Oregon,41,1994,27407,3121913,878
Oregon,41,1995,28214,3185037,886
Oregon,41,1996,28913,3248377,890
Oregon,41,1997,28771,3304834,871
Oregon,41,1998,29383,3354163,876
Oregon,41,1999,29422,3393941,867
Oregon,41,2000,29552,3421399,864
Oregon,41,2001,30158,3467937,870
Oregon,41,2002,31119,3513424,886
Oregon,41,2003,30912,3547376,871
Oregon,41,2004,30313,3569463,849
Oregon,41,2005,31091,3613202,861
Oregon,41,2006,31380,3670883,855
Oregon,41,2007,31403,3722417,844
Oregon,41,2008,31967,3768748,848
Oregon,41,2009,31636,3808600,831
Oregon,41,2010,31890,3831074,832
Oregon,41,2011,32788,3868031,848
Oregon,41,2012,32759,3899116,840
Oregon,41,2013,33939,3925751,865
Oregon,41,2014,34151,3968371,861
Oregon,41,2015,35705,4024634,887
Oregon,41,2016,35778,4093465,874
Pennsylvania,42,1979,117402,11882234,988
Pennsylvania,42,1980,123594,11873224,1041
Pennsylvania,42,1981,120089,11866773,1012
Pennsylvania,42,1982,118817,11853261,1002
Pennsylvania,42,1983,121459,11840497,1026
Pennsylvania,42,1984,122009,11817071,1033
Pennsylvania,42,1985,123854,11776308,1052
Pennsylvania,42,1986,124395,11787507,1055
Pennsylvania,42,1987,125436,11816661,1062
Pennsylvania,42,1988,126028,11853242,1063
Pennsylvania,42,1989,123711,11874141,1042
Pennsylvania,42,1990,121951,11886559,1026
Pennsylvania,42,1991,122657,11987818,1023
Pennsylvania,42,1992,123520,12052611,1025
Pennsylvania,42,1993,126471,12123137,1043
Pennsylvania,42,1994,128045,12170062,1052
Pennsylvania,42,1995,127866,12201314,1048
Pennsylvania,42,1996,129280,12225148,1058
Pennsylvania,42,1997,127925,12229931,1046
Pennsylvania,42,1998,126700,12250692,1034
Pennsylvania,42,1999,130283,12263805,1062
Pennsylvania,42,2000,130813,12281054,1065
Pennsylvania,42,2001,129729,12298970,1055
Pennsylvania,42,2002,130223,12331031,1056
Pennsylvania,42,2003,129769,12374658,1049
Pennsylvania,42,2004,127640,12410722,1029
Pennsylvania,42,2005,129532,12449990,1040
Pennsylvania,42,2006,125539,12510809,1003
Pennsylvania,42,2007,125104,12563937,996
Pennsylvania,42,2008,127462,12612285,1011
Pennsylvania,42,2009,124780,12666858,985
Pennsylvania,42,2010,124596,12702379,981
Pennsylvania,42,2011,128237,12744293,1006
Pennsylvania,42,2012,126981,12771854,994
Pennsylvania,42,2013,129123,12781338,1010
Pennsylvania,42,2014,128434,12790565,1004
Pennsylvania,42,2015,132598,12791904,1037
Pennsylvania,42,2016,133040,12784227,1041
Rhode Island,44,1979,9090,957016,950
Rhode Island,44,1980,9325,948005,984
Rhode Island,44,1981,9174,953757,962
Rhode Island,44,1982,8988,954795,941
Rhode Island,44,1983,9307,956902,973
Rhode Island,44,1984,9435,962417,980
Rhode Island,44,1985,9647,969638,995
Rhode Island,44,1986,9718,978176,994
Rhode Island,44,1987,9703,990695,979
Rhode Island,44,1988,9723,997406,975
Rhode Island,44,1989,9557,1001925,954
Rhode Island,44,1990,9576,1004026,954
Rhode Island,44,1991,9398,1010812,930
Rhode Island,44,1992,9469,1012667,935
Rhode Island,44,1993,9786,1014973,964
Rhode Island,44,1994,9408,1015892,926
Rhode Island,44,1995,9657,1016502,950
Rhode Island,44,1996,9546,1020486,935
Rhode Island,44,1997,9820,1024948,958
Rhode Island,44,1998,9604,1031343,931
Rhode Island,44,1999,9708,1040402,933
Rhode Island,44,2000,10027,1048319,957
Rhode Island,44,2001,10021,1057142,948
Rhode Island,44,2002,10246,1065995,961
Rhode Island,44,2003,10039,1071342,937
Rhode Island,44,2004,9769,1074579,909
Rhode Island,44,2005,10007,1067916,937
Rhode Island,44,2006,9690,1063096,912
Rhode Island,44,2007,9723,1057315,920
Rhode Island,44,2008,9738,1055003,923
Rhode Island,44,2009,9395,1053646,892
Rhode Island,44,2010,9579,1052567,910
Rhode Island,44,2011,9581,1052451,910
Rhode Island,44,2012,9354,1052901,888
Rhode Island,44,2013,9792,1053033,930
Rhode Island,44,2014,9770,1054480,927
Rhode Island,44,2015,10163,1055607,963
Rhode Island,44,2016,9735,1056426,922
South Carolina,45,1979,24363,3090454,788
South Carolina,45,1980,25154,3126100,805
South Carolina,45,1981,25428,3182070,799
South Carolina,45,1982,25070,3209765,781
South Carolina,45,1983,26164,3234838,809
South Carolina,45,1984,26374,3272398,806
South Carolina,45,1985,27099,3304946,820
South Carolina,45,1986,28141,3344298,842
South Carolina,45,1987,28493,3383016,842
South Carolina,45,1988,29428,3416448,861
South Carolina,45,1989,29618,3462182,856
South Carolina,45,1990,29715,3489605,852
South Carolina,45,1991,29966,3572113,839
South Carolina,45,1992,30638,3621983,846
South Carolina,45,1993,31963,3664533,872
South Carolina,45,1994,32274,3706500,871
South Carolina,45,1995,33527,3749504,894
South Carolina,45,1996,34053,3797265,897
South Carolina,45,1997,33690,3860744,873
South Carolina,45,1998,34827,3920791,888
South Carolina,45,1999,36053,3974682,907
South Carolina,45,2000,36948,4012012,921
South Carolina,45,2001,36612,4064995,901
South Carolina,45,2002,37736,4107795,919
South Carolina,45,2003,38112,4150297,918
South Carolina,45,2004,37276,4210921,885
South Carolina,45,2005,38707,4270150,907
South Carolina,45,2006,38761,4357847,890
South Carolina,45,2007,39439,4444110,887
South Carolina,45,2008,40289,4528996,890
South Carolina,45,2009,40449,4589872,881
South Carolina,45,2010,41614,4625364,900
South Carolina,45,2011,42072,4672637,900
South Carolina,45,2012,43198,4720760,915
South Carolina,45,2013,44582,4767894,935
South Carolina,45,2014,45454,4828430,941
South Carolina,45,2015,47198,4894834,964
South Carolina,45,2016,48130,4961119,970
South Dakota,46,1979,6345,690740,919
South Dakota,46,1980,6556,692365,947
South Dakota,46,1981,6451,690361,934
South Dakota,46,1982,6595,691342,954
South Dakota,46,1983,6628,693218,956
South Dakota,46,1984,6533,697364,937
South Dakota,46,1985,6603,698330,946
South Dakota,46,1986,6579,695608,946
South Dakota,46,1987,6672,695832,959
South Dakota,46,1988,6579,697830,943
South Dakota,46,1989,6549,696513,940
South Dakota,46,1990,6326,695805,909
South Dakota,46,1991,6644,704009,944
South Dakota,46,1992,6697,713096,939
South Dakota,46,1993,6782,722507,939
South Dakota,46,1994,6743,731147,922
South Dakota,46,1995,6915,738375,937
South Dakota,46,1996,6797,742683,915
South Dakota,46,1997,6865,744434,922
South Dakota,46,1998,6867,746501,920
South Dakota,46,1999,6953,750412,927
South Dakota,46,2000,7021,754844,930
South Dakota,46,2001,6923,757972,913
South Dakota,46,2002,6898,760020,908
South Dakota,46,2003,7132,763729,934
South Dakota,46,2004,6833,770396,887
South Dakota,46,2005,7086,775493,914
South Dakota,46,2006,7084,783033,905
South Dakota,46,2007,6826,791623,862
South Dakota,46,2008,7083,799124,886
South Dakota,46,2009,6923,807067,858
South Dakota,46,2010,7100,814180,872
South Dakota,46,2011,7314,824398,887
South Dakota,46,2012,7333,834441,879
South Dakota,46,2013,7099,844922,840
South Dakota,46,2014,7507,852561,881
South Dakota,46,2015,7731,857919,901
South Dakota,46,2016,7845,865454,907
Tennessee,47,1979,38789,4537642,855
Tennessee,47,1980,40774,4595143,887
Tennessee,47,1981,40509,4628211,875
Tennessee,47,1982,40292,4646503,867
Tennessee,47,1983,41621,4658925,893
Tennessee,47,1984,42334,4686096,903
Tennessee,47,1985,43226,4717235,916
Tennessee,47,1986,44250,4740418,934
Tennessee,47,1987,44919,4786279,939
Tennessee,47,1988,45775,4827504,948
Tennessee,47,1989,45452,4860544,935
Tennessee,47,1990,46315,4880859,949
Tennessee,47,1991,46309,4968973,932
Tennessee,47,1992,46576,5051188,922
Tennessee,47,1993,49249,5139306,958
Tennessee,47,1994,50525,5233322,965
Tennessee,47,1995,51302,5328891,963
Tennessee,47,1996,51419,5419660,949
Tennessee,47,1997,52665,5501676,957
Tennessee,47,1998,53415,5573935,958
Tennessee,47,1999,53765,5638706,954
Tennessee,47,2000,55246,5689283,971
Tennessee,47,2001,55151,5750789,959
Tennessee,47,2002,56606,5795918,977
Tennessee,47,2003,57313,5847812,980
Tennessee,47,2004,55829,5910809,945
Tennessee,47,2005,57260,5991057,956
Tennessee,47,2006,56838,6088766,934
Tennessee,47,2007,57087,6175727,924
Tennessee,47,2008,58820,6247411,942
Tennessee,47,2009,58288,6306019,924
Tennessee,47,2010,59578,6346105,939
Tennessee,47,2011,60541,6397634,946
Tennessee,47,2012,61956,6454306,960
Tennessee,47,2013,63406,6494821,976
Tennessee,47,2014,64661,6544663,988
Tennessee,47,2015,66570,6595056,1009
Tennessee,47,2016,67857,6651194,1020
Texas,48,1979,104921,13916436,754
Texas,48,1980,108180,14268965,758
Texas,48,1981,110548,14779030,748
Texas,48,1982,111319,15366008,724
Texas,48,1983,114813,15773066,728
Texas,48,1984,117021,16025603,730
Texas,48,1985,118336,16294915,726
Texas,48,1986,118747,16578053,716
Texas,48,1987,120022,16635523,722
Texas,48,1988,122874,16686059,736
Texas,48,1989,124878,16832321,742
Texas,48,1990,125479,17008748,738
Texas,48,1991,126795,17405312,729
Texas,48,1992,129108,17766812,727
Texas,48,1993,134664,18170320,741
Texas,48,1994,136079,18572123,733
Texas,48,1995,137821,18967400,727
Texas,48,1996,139962,19352289,723
Texas,48,1997,142776,19752039,723
Texas,48,1998,142605,20171768,707
Texas,48,1999,146858,20558220,714
Texas,48,2000,149939,20851820,719
Texas,48,2001,152779,21319622,717
Texas,48,2002,155524,21690325,717
Texas,48,2003,154870,22030931,703
Texas,48,2004,152870,22394023,683
Texas,48,2005,156457,22778123,687
Texas,48,2006,157150,23359580,673
Texas,48,2007,160548,23831983,674
Texas,48,2008,164914,24309039,678
Texas,48,2009,163249,24801761,658
Texas,48,2010,166527,25145561,662
Texas,48,2011,168640,25646389,658
Texas,48,2012,174187,26071655,668
Texas,48,2013,179183,26473525,677
Texas,48,2014,183912,26944751,683
Texas,48,2015,189654,27429639,691
Texas,48,2016,191966,27862596,689
Utah,49,1979,7890,1421446,555
Utah,49,1980,8120,1464846,554
Utah,49,1981,8343,1516752,550
Utah,49,1982,8515,1559272,546
Utah,49,1983,8512,1593625,534
Utah,49,1984,8997,1620861,555
Utah,49,1985,9049,1641813,551
Utah,49,1986,8939,1661876,538
Utah,49,1987,9120,1677020,544
Utah,49,1988,9224,1690185,546
Utah,49,1989,9239,1706799,541
Utah,49,1990,9192,1723370,533
Utah,49,1991,9651,1780280,542
Utah,49,1992,9772,1837837,532
Utah,49,1993,10465,1898909,551
Utah,49,1994,10473,1961072,534
Utah,49,1995,10940,2014719,543
Utah,49,1996,11112,2069474,537
Utah,49,1997,11578,2120359,546
Utah,49,1998,11824,2167719,546
Utah,49,1999,12058,2203482,547
Utah,49,2000,12364,2233169,554
Utah,49,2001,12662,2283715,554
Utah,49,2002,13116,2324815,564
Utah,49,2003,13412,2360137,568
Utah,49,2004,13331,2401580,555
Utah,49,2005,13432,2457719,547
Utah,49,2006,13764,2525507,545
Utah,49,2007,14143,2597746,544
Utah,49,2008,14040,2663029,527
Utah,49,2009,14138,2723421,519
Utah,49,2010,14776,2763885,535
Utah,49,2011,15266,2816124,542
Utah,49,2012,15676,2855782,549
Utah,49,2013,16366,2902663,564
Utah,49,2014,16719,2941836,568
Utah,49,2015,17334,2990632,580
Utah,49,2016,17913,3051217,587
Vermont,50,1979,4179,506115,826
Vermont,50,1980,4582,512144,895
Vermont,50,1981,4322,516116,837
Vermont,50,1982,4490,519544,864
Vermont,50,1983,4590,523511,877
Vermont,50,1984,4532,526832,860
Vermont,50,1985,4662,530151,879
Vermont,50,1986,4760,534224,891
Vermont,50,1987,4768,540359,882
Vermont,50,1988,4666,549762,849
Vermont,50,1989,4586,557960,822
Vermont,50,1990,4595,562489,817
Vermont,50,1991,4563,568691,802
Vermont,50,1992,4796,572925,837
Vermont,50,1993,4957,577924,858
Vermont,50,1994,4784,584098,819
Vermont,50,1995,4951,588979,841
Vermont,50,1996,4870,593894,820
Vermont,50,1997,5053,597414,846
Vermont,50,1998,4948,600704,824
Vermont,50,1999,4993,604683,826
Vermont,50,2000,5127,608827,842
Vermont,50,2001,5201,612223,850
Vermont,50,2002,5075,615442,825
Vermont,50,2003,5120,617858,829
Vermont,50,2004,4995,619920,806
Vermont,50,2005,5066,621215,816
Vermont,50,2006,5048,622892,810
Vermont,50,2007,5179,623481,831
Vermont,50,2008,5211,624151,835
Vermont,50,2009,5034,624817,806
Vermont,50,2010,5380,625741,860
Vermont,50,2011,5433,626730,867
Vermont,50,2012,5491,626444,877
Vermont,50,2013,5639,627140,899
Vermont,50,2014,5623,626984,897
Vermont,50,2015,5919,626088,945
Vermont,50,2016,5909,624594,946
Virginia,51,1979,40809,5329589,766
Virginia,51,1980,42506,5353138,794
Virginia,51,1981,42237,5449172,775
Virginia,51,1982,41904,5498214,762
Virginia,51,1983,43743,5568120,786
Virginia,51,1984,44310,5648358,785
Virginia,51,1985,45277,5721491,791
Virginia,51,1986,46516,5817306,800
Virginia,51,1987,46665,5938705,786
Virginia,51,1988,47608,6044002,788
Virginia,51,1989,47172,6128424,770
Virginia,51,1990,48013,6191428,776
Virginia,51,1991,49129,6303660,779
Virginia,51,1992,49363,6417314,769
Virginia,51,1993,51538,6512324,791
Virginia,51,1994,52188,6597000,791
Virginia,51,1995,52940,6673422,793
Virginia,51,1996,53505,6754598,792
Virginia,51,1997,53852,6831731,788
Virginia,51,1998,54446,6905016,789
Virginia,51,1999,55320,7000174,790
Virginia,51,2000,56282,7078515,795
Virginia,51,2001,56280,7198362,782
Virginia,51,2002,57196,7286873,785
Virginia,51,2003,58282,7366977,791
Virginia,51,2004,56550,7475575,757
Virginia,51,2005,57855,7577105,764
Virginia,51,2006,57690,7673725,752
Virginia,51,2007,58225,7751000,751
Virginia,51,2008,59100,7833496,755
Virginia,51,2009,58653,7925937,740
Virginia,51,2010,59032,8001024,738
Virginia,51,2011,60804,8110035,750
Virginia,51,2012,61564,8192048,752
Virginia,51,2013,62716,8262692,759
Virginia,51,2014,63598,8317372,765
Virginia,51,2015,65577,8367587,784
Virginia,51,2016,66473,8411808,790
Washington,53,1979,30481,4018920,758
Washington,53,1980,32007,4138795,773
Washington,53,1981,32031,4240915,755
Washington,53,1982,32300,4280029,755
Washington,53,1983,32668,4301870,759
Washington,53,1984,33814,4345120,778
Washington,53,1985,34504,4402035,784
Washington,53,1986,34253,4453602,769
Washington,53,1987,35022,4532945,773
Washington,53,1988,36338,4641797,783
Washington,53,1989,36163,4748909,762
Washington,53,1990,37087,4868410,762
Washington,53,1991,37073,5026490,738
Washington,53,1992,38162,5161525,739
Washington,53,1993,40473,5280598,766
Washington,53,1994,39960,5376439,743
Washington,53,1995,40788,5482492,744
Washington,53,1996,42256,5572322,758
Washington,53,1997,41463,5675818,731
Washington,53,1998,42706,5771447,740
Washington,53,1999,43865,5842564,751
Washington,53,2000,43941,5894121,746
Washington,53,2001,44642,5985722,746
Washington,53,2002,45338,6052349,749
Washington,53,2003,45920,6104115,752
Washington,53,2004,44770,6178645,725
Washington,53,2005,46203,6257305,738
Washington,53,2006,46120,6370753,724
Washington,53,2007,47323,6461587,732
Washington,53,2008,48627,6562231,741
Washington,53,2009,48270,6667426,724
Washington,53,2010,48146,6724540,716
Washington,53,2011,49691,6822520,728
Washington,53,2012,50105,6895226,727
Washington,53,2013,51264,6968006,736
Washington,53,2014,52099,7054196,739
Washington,53,2015,54595,7160290,763
Washington,53,2016,54769,7288000,752
West Virginia,54,1979,18965,1940160,978
West Virginia,54,1980,19237,1949995,987
West Virginia,54,1981,19053,1952950,976
West Virginia,54,1982,18994,1948421,975
West Virginia,54,1983,19325,1943037,995
West Virginia,54,1984,19207,1925468,998
West Virginia,54,1985,19444,1905477,1020
West Virginia,54,1986,19868,1881152,1056
West Virginia,54,1987,19767,1856624,1065
West Virginia,54,1988,19794,1829578,1082
West Virginia,54,1989,19558,1806822,1083
West Virginia,54,1990,19385,1794262,1080
West Virginia,54,1991,19964,1799502,1109
West Virginia,54,1992,19720,1806776,1091
West Virginia,54,1993,20404,1817927,1122
West Virginia,54,1994,20152,1820782,1107
West Virginia,54,1995,20238,1823956,1110
West Virginia,54,1996,20420,1823203,1120
West Virginia,54,1997,20881,1819689,1148
West Virginia,54,1998,20767,1816386,1143
West Virginia,54,1999,21049,1811799,1162
West Virginia,54,2000,21114,1808344,1168
West Virginia,54,2001,20967,1801481,1164
West Virginia,54,2002,21016,1805414,1164
West Virginia,54,2003,21306,1812295,1176
West Virginia,54,2004,20793,1816438,1145
West Virginia,54,2005,20780,1820492,1141
West Virginia,54,2006,20672,1827912,1131
West Virginia,54,2007,21086,1834052,1150
West Virginia,54,2008,21557,1840310,1171
West Virginia,54,2009,21386,1847775,1157
West Virginia,54,2010,21275,1852994,1148
West Virginia,54,2011,21867,1854972,1179
West Virginia,54,2012,21915,1856560,1180
West Virginia,54,2013,21843,1853231,1179
West Virginia,54,2014,22186,1848514,1200
West Virginia,54,2015,22752,1841053,1236
West Virginia,54,2016,22732,1831102,1241
Wisconsin,55,1979,39183,4671398,839
Wisconsin,55,1980,40838,4711208,867
Wisconsin,55,1981,40560,4729678,858
Wisconsin,55,1982,40281,4731560,851
Wisconsin,55,1983,41033,4722266,869
Wisconsin,55,1984,41047,4736891,867
Wisconsin,55,1985,41492,4749522,874
Wisconsin,55,1986,42114,4755750,886
Wisconsin,55,1987,42172,4776638,883
Wisconsin,55,1988,43032,4820818,893
Wisconsin,55,1989,42355,4855689,872
Wisconsin,55,1990,42733,4891217,874
Wisconsin,55,1991,43137,4967147,868
Wisconsin,55,1992,42242,5028141,840
Wisconsin,55,1993,44506,5088947,875
Wisconsin,55,1994,44441,5138097,865
Wisconsin,55,1995,45088,5190188,869
Wisconsin,55,1996,45141,5236721,862
Wisconsin,55,1997,44891,5272971,851
Wisconsin,55,1998,45947,5303586,866
Wisconsin,55,1999,46672,5332666,875
Wisconsin,55,2000,46461,5363675,866
Wisconsin,55,2001,46628,5406835,862
Wisconsin,55,2002,46981,5445162,863
Wisconsin,55,2003,46177,5479203,843
Wisconsin,55,2004,45600,5514026,827
Wisconsin,55,2005,46709,5546166,842
Wisconsin,55,2006,46153,5577655,828
Wisconsin,55,2007,46241,5610775,824
Wisconsin,55,2008,46815,5640996,830
Wisconsin,55,2009,45697,5669264,806
Wisconsin,55,2010,47308,5686986,832
Wisconsin,55,2011,48410,5709640,848
Wisconsin,55,2012,48384,5726177,845
Wisconsin,55,2013,50026,5742854,871
Wisconsin,55,2014,50291,5758377,873
Wisconsin,55,2015,51264,5767891,889
Wisconsin,55,2016,51815,5778708,897
Wyoming,56,1979,3073,453287,678
Wyoming,56,1980,3221,471153,684
Wyoming,56,1981,3165,492753,642
Wyoming,56,1982,3191,507270,629
Wyoming,56,1983,3161,510050,620
Wyoming,56,1984,3189,504323,632
Wyoming,56,1985,3279,499098,657
Wyoming,56,1986,3218,494693,651
Wyoming,56,1987,3045,475750,640
Wyoming,56,1988,3246,464337,699
Wyoming,56,1989,3254,457896,711
Wyoming,56,1990,3203,453541,706
Wyoming,56,1991,3159,459330,688
Wyoming,56,1992,3298,466423,707
Wyoming,56,1993,3490,473228,738
Wyoming,56,1994,3481,480373,725
Wyoming,56,1995,3720,485188,767
Wyoming,56,1996,3602,488168,738
Wyoming,56,1997,3745,489618,765
Wyoming,56,1998,3853,490944,785
Wyoming,56,1999,4042,491780,822
Wyoming,56,2000,3920,493782,794
Wyoming,56,2001,4029,494657,815
Wyoming,56,2002,4174,500017,835
Wyoming,56,2003,4172,503453,829
Wyoming,56,2004,3955,509106,777
Wyoming,56,2005,4099,514157,797
Wyoming,56,2006,4311,522667,825
Wyoming,56,2007,4266,534876,798
Wyoming,56,2008,4227,546043,774
Wyoming,56,2009,4283,559851,765
Wyoming,56,2010,4438,563626,787
Wyoming,56,2011,4387,567725,773
Wyoming,56,2012,4481,576765,777
Wyoming,56,2013,4516,582684,775
Wyoming,56,2014,4666,583642,800
Wyoming,56,2015,4778,586555,815
Wyoming,56,2016,4722,585501,807